Order_ID,Distance_km,Weather,Traffic_Level,Time_of_Day,Vehicle_Type,Preparation_Time_min,Courier_Experience_yrs,Delivery_Time_min,Predicted_Delivery_Time_min,Prediction_Error_min
522,7.93,Windy,Low,Afternoon,Scooter,12,1.0,43,42.26,0.740000000000002
738,16.42,Clear,Medium,Evening,Bike,20,2.0,84,82.2,1.7999999999999972
741,9.52,Foggy,Low,Night,Scooter,28,1.0,59,60.82,-1.8200000000000003
661,7.44,Rainy,Medium,Afternoon,Scooter,5,1.0,37,36.37,0.6300000000000026
412,19.03,Clear,Low,Morning,Bike,16,5.0,68,73.18,-5.180000000000007
679,19.4,Clear,Low,Evening,Scooter,8,9.0,57,63.78,-6.780000000000001
627,9.52,Clear,Low,Morning,Bike,12,1.0,49,50.07,-1.0700000000000003
514,17.39,Clear,Medium,Evening,Scooter,5,6.0,46,55.07,-9.07
860,1.78,Snowy,Low,Evening,Car,20,6.0,35,33.03,1.9699999999999989
137,10.62,Foggy,Low,Evening,Scooter,29,1.0,73,69.7,3.299999999999997
812,16.86,Snowy,Medium,Afternoon,Car,13,4.0,88,75.06,12.939999999999998
77,15.54,Clear,Low,Night,Bike,29,1.0,76,76.87,-0.8700000000000045
637,10.89,Clear,High,Night,Bike,12,5.0,53,54.9,-1.8999999999999986
974,4.69,Rainy,Medium,Evening,Scooter,12,7.0,36,36.53,-0.5300000000000011
939,2.8,Clear,High,Morning,Scooter,10,5.0,33,31.34,1.6600000000000001
900,2.17,Snowy,Low,Evening,Car,15,3.0,35,34.38,0.6199999999999974
281,17.86,Rainy,Low,Afternoon,Bike,5,1.0,50,54.4,-4.399999999999999
884,2.53,Snowy,Low,Morning,Bike,6,8.0,24,27.26,-3.2600000000000016
762,6.58,Foggy,Low,Evening,Car,6,7.0,27,28.43,-1.4299999999999997
320,5.38,Clear,Medium,Evening,Scooter,26,1.0,47,47.73,-0.7299999999999969
550,15.56,Rainy,Low,Afternoon,Scooter,28,0.0,72,76.99,-4.989999999999995
175,13.08,Rainy,Low,Morning,Car,16,4.0,58,61.13,-3.1300000000000026
372,0.86,Clear,High,Afternoon,Bike,26,5.0,37,37.33,-0.3299999999999983
528,5.83,Clear,High,Evening,Car,27,9.0,56,53.65,2.3500000000000014
211,11.2,Clear,Medium,Morning,Bike,23,5.0,73,71.38,1.6200000000000045
236,14.59,Clear,Medium,Morning,Bike,15,6.0,64,74.4,-10.400000000000006
102,12.91,Windy,Medium,Evening,Bike,11,6.0,56,57.59,-1.5900000000000034
987,13.92,Snowy,Low,Morning,Scooter,18,4.0,70,69.17,0.8299999999999983
903,4.04,Snowy,Low,Night,Bike,11,9.0,70,58.81,11.189999999999998
948,18.05,Clear,Medium,Evening,Scooter,10,7.0,123,100.2,22.799999999999997
347,12.88,Clear,Medium,Morning,Scooter,8,5.0,52,52.03,-0.030000000000001137
140,19.45,Rainy,High,Morning,Scooter,20,6.0,108,104.22,3.780000000000001
622,4.58,Clear,High,Morning,Scooter,22,9.0,45,44.16,0.8400000000000034
500,19.73,Foggy,Medium,Evening,Bike,27,4.0,111,108.16,2.8400000000000034
371,2.47,Windy,Medium,Morning,Bike,27,2.0,44,43.62,0.38000000000000256
199,17.8,Snowy,Medium,Morning,Bike,16,9.0,73,74.74,-1.7399999999999949
688,5.96,Clear,Medium,Afternoon,Bike,22,7.0,45,43.3,1.7000000000000028
585,12.85,Windy,Medium,Afternoon,Scooter,18,7.0,61,63.87,-2.8699999999999974
902,1.02,Clear,Medium,Afternoon,Bike,25,4.0,34,36.36,-2.3599999999999994
60,6.84,Rainy,Medium,Night,Car,14,8.0,47,42.87,4.130000000000003
329,8.68,Rainy,Medium,Morning,Bike,8,5.0,52,53.53,-1.5300000000000011
97,10.69,Clear,Medium,Night,Bike,25,9.0,67,66.57,0.4300000000000068
313,0.99,Clear,Medium,Evening,Bike,15,5.0,32,30.12,1.879999999999999
975,1.11,Clear,Low,Morning,Bike,5,6.0,8,11.99,-3.99
300,2.16,Snowy,Low,Evening,Scooter,15,0.0,36,40.73,-4.729999999999997
278,13.17,Windy,Medium,Afternoon,Bike,16,4.0,67,65.65,1.3499999999999943
925,8.79,Snowy,Low,Night,Bike,14,6.0,43,47.15,-4.149999999999999
602,5.93,Clear,Low,Afternoon,Scooter,19,3.0,36,37.33,-1.3299999999999983
440,2.09,Rainy,Low,Night,Bike,23,2.0,36,35.82,0.17999999999999972
838,7.57,Clear,Low,Morning,Bike,21,0.0,56,56.19,-0.18999999999999773
571,10.52,Rainy,Medium,Afternoon,Scooter,8,4.0,56,53.67,2.3299999999999983
880,4.83,Rainy,Low,Morning,Car,25,9.0,47,48.0,-1.0
262,19.81,Snowy,Medium,Afternoon,Car,20,5.0,104,98.84,5.159999999999997
579,10.1,Rainy,Low,Evening,Car,8,4.0,50,48.54,1.4600000000000009
24,7.64,Windy,Low,Afternoon,Car,10,8.0,31,36.98,-5.979999999999997
31,12.35,Clear,Low,Morning,Scooter,10,6.0,35,50.64,-15.64
618,5.9,Rainy,Low,Evening,Car,26,9.0,44,46.17,-2.1700000000000017
11,0.9,Clear,Low,Afternoon,Bike,20,8.0,23,24.18,-1.1799999999999997
222,11.58,Clear,Medium,Morning,Scooter,16,2.0,61,63.16,-2.1599999999999966
821,16.16,Clear,High,Afternoon,Bike,11,1.0,82,79.29,2.7099999999999937
297,15.51,Clear,Low,Evening,Bike,17,9.0,69,68.87,0.12999999999999545
55,12.16,Windy,High,Evening,Scooter,11,0.0,69,64.01,4.989999999999995
543,4.96,Rainy,High,Morning,Bike,21,0.0,60,56.09,3.9099999999999966
210,3.64,Windy,High,Evening,Bike,17,6.0,40,38.44,1.5600000000000023
605,2.85,Clear,Low,Morning,Scooter,26,0.0,38,38.29,-0.28999999999999915
693,10.4,Clear,Low,Evening,Bike,16,4.0,52,53.24,-1.240000000000002
663,12.31,Windy,Low,Morning,Bike,29,4.0,68,72.35,-4.349999999999994
867,3.53,Clear,Medium,Afternoon,Bike,13,7.0,31,28.82,2.1799999999999997
71,15.56,Clear,Medium,Evening,Bike,14,3.0,54,59.86,-5.859999999999999
544,13.6,Clear,Medium,Afternoon,Bike,27,0.0,87,81.35,5.650000000000006
108,15.23,Snowy,High,Morning,Bike,5,0.0,62,60.7,1.2999999999999972
494,4.17,Clear,Low,Evening,Scooter,5,1.0,22,23.47,-1.4699999999999989
591,3.21,Rainy,High,Night,Scooter,16,0.0,42,47.34,-5.340000000000003
742,6.38,Snowy,Low,Evening,Bike,16,1.0,111,83.26,27.739999999999995
293,16.54,Rainy,Low,Afternoon,Scooter,6,7.0,51,54.81,-3.8100000000000023
290,12.02,Clear,Low,Morning,Car,9,7.0,41,42.42,-1.4200000000000017
653,11.94,Clear,Low,Evening,Bike,20,3.0,69,60.85,8.149999999999999
40,9.08,Clear,Low,Afternoon,Scooter,14,5.0,49,51.13,-2.1300000000000026
590,3.46,Snowy,Medium,Morning,Scooter,23,3.0,48,44.6,3.3999999999999986
308,6.8,Foggy,Medium,Morning,Scooter,13,7.0,46,46.96,-0.9600000000000009
680,17.38,Rainy,Medium,Afternoon,Scooter,11,2.0,92,86.03,5.969999999999999
67,3.25,Clear,Low,Morning,Bike,23,7.0,32,34.04,-2.039999999999999
276,10.28,Clear,Medium,Evening,Scooter,29,3.0,71,69.81,1.1899999999999977
68,16.14,Clear,Low,Night,Car,6,9.0,65,63.94,1.0600000000000023
319,3.55,Clear,Medium,Evening,Bike,23,0.0,43,44.13,-1.1300000000000026
549,10.65,Clear,Medium,Afternoon,Scooter,23,8.0,58,62.6,-4.600000000000001
999,19.03,Clear,Low,Afternoon,Car,26,5.0,68,87.93,-19.930000000000007
715,7.3,Clear,Low,Night,Scooter,14,7.0,28,33.72,-5.719999999999999
754,7.03,Clear,Low,Evening,Scooter,21,1.0,44,52.68,-8.68
328,12.43,Snowy,Low,Afternoon,Car,12,0.0,70,65.98,4.019999999999996
383,12.76,Windy,High,Morning,Scooter,27,5.0,74,73.35,0.6500000000000057
452,11.39,Rainy,High,Evening,Scooter,14,1.0,72,70.56,1.4399999999999977
523,19.41,Clear,Low,Morning,Car,7,3.0,48,58.72,-10.719999999999999
219,13.17,Rainy,High,Evening,Scooter,17,8.0,69,67.99,1.0100000000000051
788,8.32,Rainy,Low,Afternoon,Car,12,2.0,49,51.4,-2.3999999999999986
437,1.92,Clear,Low,Morning,Bike,8,7.0,14,18.18,-4.18
765,1.15,Clear,Low,Afternoon,Scooter,26,4.0,30,33.52,-3.520000000000003
89,17.8,Windy,High,Afternoon,Car,12,9.0,73,73.2,-0.20000000000000284
64,7.46,Clear,Medium,Evening,Bike,8,5.0,42,39.52,2.479999999999997
827,7.25,Clear,Medium,Afternoon,Scooter,18,4.0,45,45.4,-0.3999999999999986
717,16.7,Clear,Medium,Afternoon,Scooter,28,1.0,76,78.5,-2.5
352,17.2,Rainy,High,Afternoon,Scooter,14,2.0,94,75.81,18.189999999999998
937,0.86,Clear,Medium,Afternoon,Car,21,7.0,28,29.94,-1.9400000000000013
257,18.76,Clear,Medium,Evening,Car,15,2.0,80,80.88,-0.8799999999999955
636,9.22,Clear,Medium,Afternoon,Car,18,9.0,57,55.75,1.25
645,2.84,Clear,Low,Evening,Scooter,24,2.0,35,37.19,-2.1899999999999977
555,17.59,Clear,Low,Morning,Bike,24,6.0,69,74.63,-5.6299999999999955
960,14.89,Snowy,High,Morning,Scooter,17,6.0,87,75.57,11.430000000000007
169,1.3,Clear,Medium,Evening,Bike,22,4.0,31,32.83,-1.8299999999999983
918,18.99,Rainy,High,Afternoon,Bike,10,6.0,70,73.21,-3.2099999999999937
529,1.6,Foggy,Low,Night,Scooter,24,5.0,37,36.51,0.490000000000002
824,8.26,Snowy,Low,Afternoon,Bike,15,1.0,57,58.53,-1.5300000000000011
986,10.16,Clear,High,Night,Bike,12,5.0,52,53.27,-1.2700000000000031
817,12.03,Clear,Medium,Morning,Car,20,5.0,65,64.28,0.7199999999999989
87,14.73,Rainy,Low,Afternoon,Bike,24,6.0,74,75.55,-1.5499999999999972
433,12.56,Clear,High,Evening,Bike,17,5.0,69,66.94,2.0600000000000023
185,5.53,Clear,Medium,Afternoon,Bike,19,1.0,44,43.87,0.13000000000000256
979,10.18,Foggy,Medium,Morning,Bike,25,3.0,73,69.97,3.030000000000001
535,15.5,Clear,Medium,Morning,Scooter,28,9.0,91,87.85,3.1500000000000057
295,2.98,Foggy,Medium,Night,Bike,11,2.0,27,27.81,-0.8099999999999987
893,16.69,Foggy,Medium,Evening,Scooter,8,2.0,65,84.73,-19.730000000000004
426,11.22,Windy,High,Evening,Bike,25,5.0,79,75.44,3.5600000000000023
714,8.53,Clear,Low,Evening,Scooter,8,2.0,41,41.07,-0.07000000000000028
261,12.49,Clear,Medium,Morning,Bike,25,4.0,77,75.56,1.4399999999999977
238,0.97,Clear,Low,Night,Scooter,24,8.0,26,29.93,-3.9299999999999997
560,12.6,Windy,Medium,Afternoon,Car,8,6.0,58,57.2,0.7999999999999972
584,6.91,Clear,Medium,Evening,Scooter,28,9.0,56,61.81,-5.810000000000002
446,18.97,Clear,Low,Evening,Car,25,4.0,141,118.87,22.129999999999995
868,4.05,Clear,Medium,Evening,Bike,20,5.0,44,42.18,1.8200000000000003
801,14.29,Windy,Medium,Morning,Bike,14,7.0,78,78.97,-0.9699999999999989
600,1.3,Foggy,Low,Evening,Bike,19,5.0,29,30.01,-1.0100000000000016
850,12.11,Rainy,Low,Morning,Bike,9,5.0,59,53.77,5.229999999999997
266,14.94,Clear,Medium,Morning,Bike,11,0.0,62,61.5,0.5
996,2.29,Rainy,High,Afternoon,Car,8,8.0,80,55.03,24.97
530,17.36,Rainy,High,Afternoon,Bike,24,1.0,105,97.38,7.6200000000000045
56,18.48,Clear,Medium,Night,Bike,8,0.0,82,80.19,1.8100000000000023
121,16.25,Foggy,High,Morning,Bike,10,5.0,91,75.93,15.069999999999993
216,5.13,Clear,Low,Morning,Car,15,4.0,30,34.15,-4.149999999999999
26,15.81,Clear,Low,Morning,Car,25,1.0,92,84.39,7.609999999999999
73,0.61,Clear,Low,Afternoon,Scooter,10,0.0,16,21.05,-5.050000000000001
45,5.55,Foggy,High,Evening,Bike,18,1.0,116,84.11,31.89
248,19.35,Clear,High,Morning,Bike,12,7.0,75,75.68,-0.6800000000000068
722,4.03,Clear,Medium,Evening,Bike,9,5.0,25,27.68,-2.6799999999999997
282,7.09,Snowy,Low,Morning,Scooter,13,8.0,37,40.37,-3.3699999999999974
894,8.25,Clear,Medium,Afternoon,Bike,7,9.0,28,34.21,-6.210000000000001
915,11.26,Clear,Low,Night,Bike,5,6.0,49,47.87,1.1300000000000026
811,19.7,Rainy,Low,Evening,Bike,10,2.0,60,67.77,-7.769999999999996
245,0.8,Snowy,High,Evening,Bike,14,9.0,36,34.27,1.7299999999999969
823,7.0,Rainy,Medium,Evening,Bike,17,9.0,49,47.09,1.9099999999999966
322,14.43,Clear,Medium,Morning,Car,14,4.0,113,97.27,15.730000000000004
644,6.89,Rainy,Medium,Afternoon,Bike,11,6.0,43,41.91,1.0900000000000034
159,5.13,Foggy,Medium,Evening,Car,25,1.0,60,59.68,0.3200000000000003
978,1.5,Clear,Low,Afternoon,Bike,10,1.0,17,17.78,-0.7800000000000011
430,2.78,Clear,High,Afternoon,Scooter,9,0.0,41,36.15,4.850000000000001
942,11.31,Clear,Medium,Evening,Bike,7,0.0,54,53.43,0.5700000000000003
463,15.05,Clear,Medium,Evening,Car,12,2.0,66,68.66,-2.6599999999999966
310,5.78,Foggy,Low,Afternoon,Scooter,9,9.0,33,33.02,-0.020000000000003126
698,11.83,Clear,Low,Evening,Scooter,9,7.0,32,36.21,-4.210000000000001
61,8.08,Foggy,Low,Morning,Bike,25,2.0,61,63.27,-2.270000000000003
885,16.1,Clear,Low,Evening,Bike,25,0.0,64,69.32,-5.319999999999993
596,9.74,Rainy,Medium,Evening,Scooter,7,8.0,37,40.58,-3.5799999999999983
768,17.6,Clear,Low,Afternoon,Bike,27,3.0,69,75.7,-6.700000000000003
650,10.22,Snowy,Medium,Night,Bike,18,1.0,68,64.05,3.950000000000003
651,2.19,Clear,Low,Evening,Bike,26,3.0,32,34.39,-2.3900000000000006
866,11.41,Windy,Medium,Afternoon,Scooter,17,4.0,68,66.95,1.0499999999999972
669,4.14,Clear,Medium,Morning,Scooter,14,2.0,30,32.51,-2.509999999999998
299,12.65,Rainy,Low,Afternoon,Bike,18,8.0,60,60.7,-0.7000000000000028
690,4.15,Clear,Medium,Morning,Car,17,8.0,46,43.6,2.3999999999999986
315,16.8,Clear,High,Morning,Car,19,4.0,85,86.81,-1.8100000000000023
311,9.06,Clear,Medium,Evening,Bike,23,4.0,47,52.38,-5.380000000000003
362,13.04,Clear,Medium,Morning,Scooter,20,6.0,65,66.61,-1.6099999999999994
480,10.7,Clear,Medium,Afternoon,Scooter,8,5.0,44,48.24,-4.240000000000002
111,6.15,Foggy,Low,Evening,Scooter,26,5.0,48,51.24,-3.240000000000002
990,16.47,Snowy,High,Evening,Scooter,20,9.0,75,77.79,-2.7900000000000063
487,1.39,Clear,Medium,Afternoon,Bike,15,4.0,24,29.76,-5.760000000000002
364,11.14,Rainy,Medium,Morning,Scooter,7,3.0,47,49.23,-2.229999999999997
255,3.81,Rainy,High,Afternoon,Bike,5,6.0,31,28.73,2.2699999999999996
260,2.39,Rainy,Medium,Evening,Bike,27,7.0,43,42.6,0.3999999999999986
803,11.74,Clear,High,Evening,Car,6,3.0,54,53.31,0.6899999999999977
678,8.26,Clear,Low,Morning,Car,21,4.0,80,66.91,13.090000000000003
495,9.54,Rainy,Medium,Evening,Scooter,11,5.0,47,46.79,0.21000000000000085
671,3.88,Clear,Medium,Morning,Bike,16,2.0,35,36.21,-1.2100000000000009
378,0.95,Rainy,Medium,Morning,Car,27,0.0,44,44.48,-0.4799999999999969
527,8.59,Clear,Low,Night,Scooter,17,8.0,36,39.93,-3.9299999999999997
846,8.59,Clear,Low,Evening,Bike,22,2.0,43,57.11,-14.11
138,14.21,Clear,Medium,Evening,Bike,24,5.0,58,64.13,-6.1299999999999955
356,13.03,Foggy,Low,Morning,Scooter,9,1.0,50,50.88,-0.8800000000000026
366,8.03,Clear,Low,Evening,Scooter,14,8.0,42,41.01,0.990000000000002
943,13.2,Snowy,Low,Morning,Car,14,3.0,62,62.92,-0.9200000000000017
750,12.67,Clear,Medium,Evening,Car,10,3.0,65,61.71,3.289999999999999
949,17.54,Clear,Medium,Morning,Car,16,8.0,54,64.69,-10.689999999999998
830,9.32,Clear,Low,Morning,Scooter,6,5.0,30,36.07,-6.07
657,6.03,Rainy,High,Afternoon,Car,8,6.0,46,42.27,3.729999999999997
200,15.71,Clear,Low,Afternoon,Scooter,28,5.0,69,75.65,-6.650000000000006
214,4.87,Snowy,High,Evening,Bike,16,7.0,54,52.66,1.3400000000000034
409,18.15,Rainy,High,Morning,Bike,22,7.0,108,99.18,8.819999999999993
333,0.78,Clear,Medium,Morning,Bike,6,1.0,17,17.14,-0.14000000000000057
209,0.6,Clear,Low,Afternoon,Bike,26,3.0,30,30.69,-0.6900000000000013
614,2.09,Clear,Medium,Evening,Bike,5,5.0,16,19.28,-3.280000000000001
79,7.49,Clear,Medium,Morning,Scooter,13,9.0,45,43.05,1.9500000000000028
30,1.41,Foggy,Medium,Evening,Bike,15,0.0,72,57.44,14.560000000000002
536,18.92,Clear,High,Morning,Scooter,27,4.0,100,98.25,1.75
696,12.41,Clear,Medium,Morning,Car,10,1.0,51,55.53,-4.530000000000001
558,1.06,Clear,Low,Afternoon,Scooter,19,6.0,21,22.99,-1.9899999999999984
837,18.34,Clear,High,Night,Bike,9,4.0,92,82.46,9.540000000000006
597,13.52,Clear,Low,Morning,Scooter,27,1.0,82,77.01,4.989999999999995
166,16.79,Foggy,High,Afternoon,Bike,24,6.0,85,84.77,0.23000000000000398
919,15.39,Clear,Medium,Evening,Scooter,24,5.0,89,84.6,4.400000000000006
496,7.39,Rainy,Medium,Morning,Scooter,25,6.0,60,57.35,2.6499999999999986
825,10.98,Rainy,Low,Morning,Scooter,10,6.0,55,43.73,11.270000000000003
66,11.08,Snowy,Medium,Morning,Bike,9,0.0,57,64.15,-7.150000000000006
142,5.41,Clear,Medium,Night,Bike,14,5.0,36,36.99,-0.990000000000002
926,0.94,Clear,High,Morning,Bike,9,6.0,21,19.81,1.1900000000000013
828,7.27,Windy,Low,Afternoon,Bike,10,5.0,35,36.57,-1.5700000000000003
656,2.99,Windy,Medium,Morning,Bike,27,5.0,41,43.19,-2.1899999999999977
332,15.28,Snowy,Low,Evening,Bike,16,5.0,72,66.38,5.6200000000000045
665,2.48,Windy,Medium,Afternoon,Car,14,6.0,27,28.12,-1.120000000000001
250,17.13,Rainy,Low,Evening,Car,19,1.0,71,80.35,-9.349999999999994
908,7.17,Clear,Low,Afternoon,Bike,15,7.0,32,39.43,-7.43
709,5.47,Rainy,Low,Morning,Car,21,6.0,38,39.09,-1.0900000000000034
306,19.53,Foggy,Low,Afternoon,Bike,11,6.0,87,82.1,4.900000000000006
735,7.5,Clear,High,Morning,Bike,29,1.0,66,58.98,7.020000000000003
976,5.61,Windy,Low,Night,Bike,25,9.0,48,48.58,-0.5799999999999983
50,4.1,Clear,Low,Morning,Bike,21,3.0,37,36.97,0.030000000000001137
897,6.22,Rainy,Medium,Morning,Bike,15,0.0,49,48.17,0.8299999999999983
3,14.77,Clear,High,Morning,Scooter,11,6.0,67,66.63,0.37000000000000455
545,12.55,Windy,Low,Evening,Bike,13,8.0,51,53.2,-2.200000000000003
351,10.31,Foggy,Medium,Morning,Scooter,19,5.0,62,59.47,2.530000000000001
905,8.72,Snowy,Medium,Evening,Car,18,7.0,64,62.22,1.7800000000000011
537,17.07,Clear,Medium,Morning,Bike,20,6.0,73,74.44,-1.4399999999999977
345,8.27,Clear,High,Afternoon,Scooter,13,5.0,58,53.74,4.259999999999998
995,7.54,Snowy,Low,Afternoon,Bike,20,5.0,55,54.26,0.740000000000002
482,14.07,Clear,High,Afternoon,Bike,5,8.0,67,65.96,1.0400000000000063
576,19.02,Clear,Medium,Afternoon,Bike,29,9.0,87,91.74,-4.739999999999995
34,19.0,Clear,High,Morning,Car,28,3.0,96,95.59,0.4099999999999966
32,3.83,Rainy,Medium,Afternoon,Bike,12,9.0,30,31.83,-1.8299999999999983
232,10.3,Clear,Low,Evening,Scooter,19,8.0,48,51.16,-3.1599999999999966
964,8.09,Clear,High,Afternoon,Scooter,15,4.0,51,50.6,0.3999999999999986
193,18.06,Clear,Medium,Night,Bike,9,8.0,52,61.16,-9.159999999999997
334,2.76,Windy,Medium,Morning,Scooter,8,5.0,22,24.74,-2.7399999999999984
4,12.17,Snowy,Low,Evening,Bike,20,8.0,68,65.94,2.0600000000000023
205,12.33,Clear,Medium,Evening,Bike,22,9.0,75,72.96,2.0400000000000063
515,1.38,Clear,Medium,Evening,Scooter,5,8.0,13,13.28,-0.27999999999999936
800,18.49,Clear,Low,Afternoon,Scooter,14,6.0,71,72.56,-1.5600000000000023
307,10.57,Snowy,Low,Afternoon,Bike,28,9.0,59,66.23,-7.230000000000004
110,2.0,Clear,High,Evening,Scooter,10,2.0,30,27.96,2.039999999999999
431,3.29,Clear,Medium,Afternoon,Scooter,17,4.0,32,32.83,-0.8299999999999983
78,1.94,Rainy,Medium,Morning,Bike,16,0.0,35,41.46,-6.460000000000001
85,6.56,Windy,Medium,Morning,Bike,14,1.0,47,45.87,1.1300000000000026
287,9.58,Clear,High,Afternoon,Car,26,8.0,60,61.8,-1.7999999999999972
83,6.95,Clear,Medium,Morning,Scooter,25,2.0,58,57.62,0.38000000000000256
992,14.05,Clear,High,Morning,Scooter,19,0.0,72,71.83,0.1700000000000017
790,18.97,Rainy,High,Night,Bike,20,8.0,108,103.73,4.269999999999996
895,13.53,Rainy,Low,Evening,Bike,28,8.0,78,77.06,0.9399999999999977
399,15.14,Rainy,Medium,Morning,Bike,8,6.0,66,66.77,-0.769999999999996
324,5.96,Clear,Low,Afternoon,Bike,26,6.0,48,47.85,0.14999999999999858
520,3.43,Windy,Medium,Morning,Bike,7,6.0,23,27.1,-4.100000000000001
917,6.24,Clear,Medium,Evening,Bike,15,3.0,52,49.09,2.9099999999999966
923,17.94,Rainy,High,Evening,Scooter,22,6.0,85,87.67,-2.6700000000000017
6,3.54,Rainy,Medium,Evening,Bike,10,5.0,32,28.99,3.0100000000000016
732,16.38,Rainy,Medium,Night,Bike,7,5.0,90,66.99,23.010000000000005
466,7.81,Clear,Low,Evening,Bike,11,4.0,42,39.94,2.0600000000000023
98,8.84,Clear,Medium,Morning,Bike,26,0.0,57,61.31,-4.310000000000002
267,14.09,Clear,Medium,Afternoon,Scooter,12,3.0,55,59.98,-4.979999999999997
358,11.92,Clear,Low,Afternoon,Scooter,14,4.0,46,51.78,-5.780000000000001
869,17.3,Clear,Low,Evening,Scooter,9,0.0,67,77.05,-10.049999999999997
799,14.08,Clear,High,Morning,Bike,28,6.0,66,69.94,-3.9399999999999977
381,2.8,Clear,High,Afternoon,Bike,28,1.0,50,47.03,2.969999999999999
632,17.96,Clear,Medium,Morning,Bike,22,2.0,76,79.85,-3.8499999999999943
382,14.09,Clear,High,Afternoon,Bike,12,6.0,67,65.55,1.4500000000000028
491,9.39,Clear,Low,Morning,Bike,14,2.0,37,43.91,-6.909999999999997
119,17.9,Clear,Low,Morning,Bike,23,5.0,85,83.22,1.7800000000000011
901,4.55,Rainy,Low,Afternoon,Bike,5,6.0,21,24.13,-3.129999999999999
251,6.24,Snowy,Low,Afternoon,Bike,20,4.0,51,56.43,-5.43
524,16.92,Clear,Low,Morning,Scooter,29,0.0,70,75.63,-5.6299999999999955
10,14.31,Clear,Medium,Morning,Bike,9,8.0,47,65.86,-18.86
197,14.66,Windy,Medium,Morning,Bike,20,2.0,77,78.77,-1.769999999999996
604,2.23,Clear,Low,Morning,Bike,7,6.0,14,22.9,-8.899999999999999
82,12.65,Clear,Low,Evening,Bike,15,4.0,66,63.96,2.039999999999999
784,7.24,Rainy,Medium,Evening,Bike,28,6.0,65,60.95,4.049999999999997
588,3.01,Clear,Medium,Evening,Bike,14,4.0,26,30.74,-4.739999999999998
798,11.52,Clear,Medium,Morning,Scooter,25,2.0,58,69.13,-11.129999999999995
240,3.95,Clear,Low,Afternoon,Bike,13,5.0,25,25.97,-0.9699999999999989
291,1.09,Clear,Medium,Morning,Scooter,6,2.0,17,17.12,-0.120000000000001
212,13.99,Clear,High,Evening,Scooter,7,3.0,96,84.07,11.930000000000007
718,19.32,Rainy,High,Morning,Car,21,7.0,112,105.44,6.560000000000002
360,11.72,Rainy,Low,Evening,Bike,11,9.0,42,42.49,-0.490000000000002
450,2.13,Rainy,Low,Morning,Scooter,9,2.0,22,24.89,-2.8900000000000006
228,8.17,Clear,Medium,Afternoon,Scooter,20,9.0,44,47.04,-3.039999999999999
951,12.21,Clear,High,Morning,Bike,9,4.0,57,59.67,-2.6700000000000017
947,3.17,Clear,Medium,Evening,Scooter,17,6.0,33,32.85,0.14999999999999858
797,18.68,Snowy,Low,Afternoon,Bike,11,8.0,62,65.8,-3.799999999999997
502,10.95,Clear,Medium,Evening,Scooter,24,4.0,55,65.21,-10.209999999999994
465,19.26,Windy,Medium,Morning,Scooter,21,6.0,67,77.18,-10.180000000000007
363,9.44,Rainy,Medium,Evening,Scooter,28,8.0,63,62.3,0.7000000000000028
469,4.86,Foggy,Medium,Evening,Car,25,4.0,52,54.42,-2.4200000000000017
936,5.81,Foggy,Low,Afternoon,Bike,25,8.0,51,51.39,-0.39000000000000057
429,7.34,Rainy,Low,Evening,Bike,22,8.0,47,49.88,-2.8800000000000026
8,17.39,Foggy,Medium,Morning,Bike,25,4.0,100,81.75,18.25
156,5.22,Snowy,Low,Evening,Bike,11,9.0,40,42.61,-2.6099999999999994
542,12.32,Clear,Medium,Evening,Scooter,17,4.0,71,67.79,3.2099999999999937
441,2.15,Windy,Medium,Afternoon,Car,17,6.0,30,29.46,0.5399999999999991
483,9.36,Rainy,High,Morning,Scooter,17,2.0,65,62.68,2.3200000000000003
423,2.28,Clear,Medium,Evening,Scooter,27,9.0,39,41.59,-2.5900000000000034
779,14.54,Clear,Medium,Evening,Bike,29,2.0,73,75.25,-2.25
950,12.15,Clear,High,Morning,Car,12,6.0,63,63.58,-0.5799999999999983
335,1.4,Windy,Low,Evening,Bike,9,9.0,17,17.48,-0.4800000000000004
577,3.37,Clear,High,Morning,Bike,9,5.0,28,28.81,-0.8099999999999987
935,3.85,Rainy,Medium,Afternoon,Bike,26,3.0,46,45.56,0.4399999999999977
568,9.03,Clear,Low,Morning,Bike,11,5.0,43,44.43,-1.4299999999999997
595,17.99,Snowy,Low,Afternoon,Bike,15,3.0,63,77.12,-14.120000000000005
531,16.35,Clear,Medium,Morning,Bike,16,0.0,66,69.09,-3.0900000000000034
582,19.61,Clear,High,Evening,Bike,8,6.0,72,75.1,-3.0999999999999943
708,16.29,Clear,Low,Morning,Bike,20,1.0,72,76.22,-4.219999999999999
449,7.84,Windy,Low,Afternoon,Bike,6,4.0,28,34.91,-6.909999999999997
454,18.17,Rainy,Low,Afternoon,Car,13,0.0,71,74.21,-3.2099999999999937
229,17.89,Windy,Low,Morning,Bike,27,1.0,101,94.51,6.489999999999995
353,13.34,Clear,Medium,Night,Bike,20,6.0,53,58.13,-5.130000000000003
729,4.43,Foggy,Low,Morning,Scooter,10,1.0,63,30.55,32.45
213,13.21,Clear,Medium,Morning,Scooter,12,4.0,63,61.78,1.2199999999999989
80,2.76,Windy,Medium,Night,Bike,6,2.0,27,26.8,0.1999999999999993
149,1.5,Foggy,Medium,Evening,Scooter,15,4.0,32,36.96,-4.960000000000001
303,11.04,Clear,Medium,Afternoon,Scooter,8,2.0,54,53.09,0.9099999999999966
629,1.22,Clear,Medium,Evening,Scooter,6,5.0,14,15.15,-1.1500000000000004
778,14.58,Clear,Low,Afternoon,Bike,13,5.0,57,59.93,-2.9299999999999997
507,18.26,Rainy,High,Night,Scooter,28,7.0,93,92.0,1.0
343,3.88,Foggy,Low,Evening,Car,27,9.0,42,43.39,-1.3900000000000006
486,18.07,Clear,High,Afternoon,Scooter,5,2.0,67,63.86,3.1400000000000006
712,12.11,Clear,Medium,Evening,Bike,28,0.0,75,76.68,-1.6800000000000068
134,7.08,Clear,Medium,Afternoon,Scooter,5,8.0,27,29.66,-2.66
704,3.12,Rainy,Low,Evening,Scooter,14,5.0,28,28.51,-0.5100000000000016
312,2.03,Foggy,High,Evening,Car,14,4.0,36,36.05,-0.04999999999999716
723,1.8,Clear,Medium,Night,Bike,14,1.0,28,29.54,-1.5399999999999991
630,5.42,Clear,Low,Evening,Scooter,11,9.0,26,28.23,-2.2300000000000004
1,7.8,Clear,Low,Evening,Scooter,23,5.0,52,51.16,0.8400000000000034
317,8.47,Rainy,Low,Afternoon,Scooter,19,0.0,48,50.91,-2.9099999999999966
707,6.79,Rainy,Low,Evening,Scooter,16,1.0,39,42.0,-3.0
548,13.6,Rainy,Medium,Afternoon,Scooter,23,6.0,83,81.14,1.8599999999999994
873,13.06,Rainy,High,Morning,Bike,17,8.0,59,62.75,-3.75
533,19.93,Snowy,Low,Afternoon,Bike,6,6.0,59,64.03,-5.030000000000001
478,11.3,Snowy,Medium,Afternoon,Bike,15,8.0,70,66.54,3.4599999999999937
405,6.74,Rainy,Medium,Evening,Car,21,9.0,47,47.07,-0.07000000000000028
173,10.49,Rainy,Low,Morning,Bike,28,9.0,66,67.04,-1.0400000000000063
126,8.83,Clear,Medium,Evening,Scooter,12,3.0,109,89.9,19.099999999999994
395,7.15,Clear,High,Night,Car,29,7.0,60,60.43,-0.4299999999999997
421,15.94,Clear,Low,Evening,Bike,24,2.0,77,75.79,1.2099999999999937
553,11.26,Foggy,High,Afternoon,Bike,14,2.0,70,68.3,1.7000000000000028
904,11.87,Clear,Medium,Morning,Bike,10,6.0,43,46.96,-3.960000000000001
91,2.83,Windy,Medium,Afternoon,Scooter,14,6.0,28,29.69,-1.6900000000000013
940,11.74,Clear,Low,Afternoon,Car,20,1.0,52,56.01,-4.009999999999998
182,2.71,Clear,Low,Morning,Scooter,6,1.0,20,21.35,-1.3500000000000014
275,10.47,Clear,High,Evening,Scooter,14,7.0,55,58.69,-3.6899999999999977
896,4.5,Snowy,High,Evening,Bike,24,0.0,66,58.53,7.469999999999999
70,19.74,Clear,Low,Morning,Car,21,7.0,71,78.96,-7.959999999999994
292,1.23,Clear,Low,Evening,Bike,18,6.0,21,23.76,-2.7600000000000016
132,4.83,Clear,Low,Evening,Bike,11,1.0,29,31.93,-2.9299999999999997
301,1.51,Clear,High,Afternoon,Bike,14,2.0,32,31.25,0.75
425,1.62,Windy,Low,Evening,Bike,9,8.0,16,17.26,-1.2600000000000016
327,11.31,Clear,High,Evening,Bike,20,0.0,67,67.16,-0.1599999999999966
145,6.05,Clear,Medium,Morning,Car,24,0.0,48,49.96,-1.9600000000000009
424,10.14,Clear,Medium,Morning,Scooter,20,1.0,59,59.38,-0.38000000000000256
581,9.45,Clear,Low,Afternoon,Car,13,0.0,49,49.7,-0.7000000000000028
136,6.8,Clear,High,Evening,Bike,28,5.0,55,57.31,-2.3100000000000023
451,15.65,Clear,Low,Afternoon,Bike,27,0.0,76,78.24,-2.239999999999995
165,2.26,Clear,Medium,Morning,Scooter,6,3.0,19,22.36,-3.3599999999999994
29,12.05,Clear,Low,Evening,Scooter,29,4.0,61,71.75,-10.75
774,8.25,Windy,Medium,Evening,Car,24,4.0,62,61.3,0.7000000000000028
194,12.85,Rainy,Medium,Afternoon,Scooter,23,0.0,80,77.9,2.0999999999999943
389,15.14,Windy,Medium,Morning,Bike,15,4.0,71,69.85,1.1500000000000057
853,4.59,Foggy,Low,Evening,Scooter,19,8.0,36,41.01,-5.009999999999998
170,12.02,Clear,Low,Afternoon,Bike,26,0.0,63,73.5,-10.5
706,19.8,Clear,High,Evening,Bike,7,3.0,88,70.66,17.340000000000003
141,19.27,Foggy,High,Afternoon,Bike,14,6.0,92,85.61,6.390000000000001
174,4.92,Clear,High,Morning,Scooter,12,0.0,41,42.99,-1.990000000000002
7,1.63,Rainy,Medium,Night,Bike,24,5.0,38,40.41,-2.4099999999999966
746,18.04,Clear,Medium,Morning,Bike,8,5.0,71,72.5,-1.5
479,19.4,Snowy,Medium,Afternoon,Scooter,23,9.0,92,92.43,-0.4300000000000068
74,16.4,Clear,High,Morning,Scooter,12,2.0,70,76.7,-6.700000000000003
911,12.01,Clear,Low,Morning,Car,5,7.0,42,43.77,-1.7700000000000031
814,18.46,Clear,Medium,Morning,Scooter,29,1.0,153,127.64,25.36
239,13.09,Windy,Low,Morning,Scooter,17,1.0,69,66.55,2.450000000000003
146,1.22,Foggy,High,Afternoon,Scooter,14,2.0,38,36.16,1.8400000000000034
793,10.36,Rainy,Medium,Afternoon,Bike,7,8.0,39,48.81,-9.810000000000002
235,4.31,Rainy,Medium,Afternoon,Bike,9,2.0,35,33.18,1.8200000000000003
221,13.32,Windy,Medium,Afternoon,Bike,26,0.0,71,72.87,-1.8700000000000045
924,16.1,Clear,Low,Morning,Car,16,6.0,61,64.35,-3.3499999999999943
501,14.11,Rainy,High,Morning,Scooter,24,3.0,93,86.34,6.659999999999997
133,2.84,Clear,Medium,Night,Scooter,28,1.0,44,44.96,-0.9600000000000009
991,16.09,Snowy,Low,Morning,Car,13,6.0,69,69.15,-0.15000000000000568
775,16.05,Snowy,Medium,Evening,Bike,11,2.0,89,82.28,6.719999999999999
186,13.37,Windy,High,Afternoon,Scooter,17,8.0,63,65.14,-2.1400000000000006
42,10.16,Snowy,Medium,Night,Bike,10,1.0,67,62.96,4.039999999999999
697,6.13,Clear,Medium,Night,Scooter,22,0.0,48,48.73,-0.7299999999999969
109,4.96,Rainy,Low,Afternoon,Car,10,7.0,28,30.17,-2.1700000000000017
589,3.0,Clear,Low,Morning,Scooter,29,1.0,43,42.46,0.5399999999999991
57,2.23,Snowy,Medium,Evening,Car,14,0.0,41,41.09,-0.09000000000000341
406,17.96,Clear,Medium,Evening,Scooter,26,0.0,74,85.31,-11.310000000000002
443,7.8,Rainy,Medium,Morning,Bike,11,7.0,49,46.33,2.6700000000000017
758,10.9,Clear,High,Afternoon,Scooter,6,8.0,47,48.76,-1.759999999999998
998,3.17,Clear,Low,Afternoon,Bike,17,1.0,28,30.46,-2.460000000000001
25,9.39,Windy,Medium,Morning,Scooter,21,9.0,50,55.09,-5.090000000000003
468,17.44,Clear,Low,Evening,Bike,25,9.0,89,86.85,2.1500000000000057
540,3.02,Rainy,Medium,Morning,Bike,23,1.0,46,43.84,2.1599999999999966
532,19.99,Rainy,High,Evening,Bike,17,1.0,112,102.43,9.569999999999993
619,16.22,Rainy,High,Evening,Bike,22,0.0,102,92.19,9.810000000000002
695,2.74,Clear,High,Afternoon,Bike,18,9.0,37,34.83,2.1700000000000017
927,5.74,Rainy,High,Evening,Bike,13,9.0,46,42.72,3.280000000000001
339,9.75,Clear,Low,Afternoon,Bike,22,7.0,50,54.55,-4.549999999999997
52,15.62,Rainy,Medium,Afternoon,Scooter,23,7.0,78,87.73,-9.730000000000004
508,16.54,Rainy,Medium,Afternoon,Bike,25,7.0,77,83.08,-6.079999999999998
517,7.84,Rainy,Low,Morning,Scooter,7,8.0,36,35.71,0.28999999999999915
921,17.44,Clear,Low,Night,Car,23,0.0,85,81.56,3.4399999999999977
782,11.08,Windy,High,Afternoon,Bike,16,6.0,70,66.42,3.5799999999999983
265,17.61,Clear,Medium,Evening,Scooter,21,9.0,79,79.4,-0.4000000000000057
818,8.28,Snowy,Low,Evening,Car,29,7.0,58,60.28,-2.280000000000001
711,15.32,Clear,Medium,Morning,Bike,17,6.0,80,76.47,3.530000000000001
683,3.83,Rainy,Low,Evening,Car,27,3.0,49,46.58,2.4200000000000017
833,3.25,Rainy,Medium,Evening,Scooter,29,0.0,51,48.59,2.4099999999999966
519,19.75,Clear,Medium,Morning,Bike,25,1.0,103,103.22,-0.21999999999999886
448,15.19,Foggy,Low,Evening,Scooter,6,4.0,53,53.66,-0.6599999999999966
19,8.92,Windy,Medium,Morning,Bike,25,4.0,62,62.85,-0.8500000000000014
716,18.63,Windy,Low,Afternoon,Bike,11,5.0,85,81.83,3.1700000000000017
484,12.74,Clear,Low,Night,Scooter,18,0.0,67,66.31,0.6899999999999977
569,18.13,Rainy,High,Evening,Bike,21,2.0,88,93.74,-5.739999999999995
434,2.47,Rainy,Low,Afternoon,Car,22,6.0,34,34.33,-0.3299999999999983
368,18.15,Windy,Medium,Morning,Bike,11,2.0,89,81.47,7.530000000000001
84,1.74,Foggy,High,Afternoon,Scooter,8,9.0,28,28.16,-0.16000000000000014
62,5.79,Windy,Medium,Morning,Bike,26,6.0,49,49.16,-0.1599999999999966
639,5.75,Windy,High,Morning,Scooter,7,4.0,37,35.98,1.0200000000000031
273,17.41,Snowy,Medium,Evening,Bike,20,4.0,80,87.3,-7.299999999999997
286,1.2,Rainy,Low,Morning,Scooter,24,7.0,33,33.17,-0.1700000000000017
361,8.07,Windy,Low,Evening,Bike,21,4.0,48,49.0,-1.0
355,1.88,Clear,Medium,Morning,Scooter,24,7.0,35,41.71,-6.710000000000001
457,0.72,Rainy,Medium,Afternoon,Scooter,9,2.0,23,22.39,0.6099999999999994
279,14.19,Clear,Medium,Afternoon,Bike,9,1.0,57,60.46,-3.460000000000001
13,16.73,Windy,High,Afternoon,Scooter,9,7.0,71,72.67,-1.6700000000000017
183,18.53,Rainy,Low,Afternoon,Scooter,8,8.0,57,69.58,-12.579999999999998
369,4.32,Clear,Low,Morning,Bike,21,9.0,34,34.8,-0.7999999999999972
882,13.6,Foggy,High,Evening,Bike,9,7.0,61,63.88,-2.8800000000000026
616,18.46,Rainy,Low,Morning,Bike,19,9.0,94,87.76,6.239999999999995
224,7.67,Windy,Low,Morning,Car,9,2.0,31,34.01,-3.009999999999998
573,8.23,Snowy,Low,Evening,Bike,17,3.0,56,60.45,-4.450000000000003
971,13.44,Clear,Low,Night,Bike,29,0.0,63,67.04,-4.040000000000006
654,15.04,Clear,Low,Morning,Car,24,5.0,60,67.93,-7.930000000000007
546,7.48,Clear,Medium,Morning,Car,21,4.0,52,53.28,-1.2800000000000011
583,10.11,Rainy,Medium,Afternoon,Scooter,23,2.0,63,60.39,2.6099999999999994
634,10.88,Snowy,Low,Afternoon,Car,13,3.0,52,52.81,-0.8100000000000023
177,13.97,Snowy,Low,Evening,Scooter,14,8.0,52,59.72,-7.719999999999999
666,3.48,Foggy,Low,Afternoon,Scooter,9,1.0,31,29.63,1.370000000000001
674,10.73,Foggy,Low,Morning,Bike,6,6.0,35,40.04,-5.039999999999999
586,5.18,Clear,Medium,Afternoon,Car,9,2.0,30,32.36,-2.3599999999999994
874,8.47,Foggy,Medium,Evening,Bike,24,0.0,68,70.29,-2.2900000000000063
394,15.64,Rainy,Low,Morning,Bike,20,4.0,141,112.79,28.209999999999994
164,10.95,Snowy,Medium,Afternoon,Bike,9,1.0,65,64.4,0.5999999999999943
249,19.29,Windy,Medium,Evening,Scooter,7,8.0,84,78.84,5.159999999999997
635,2.59,Windy,Medium,Morning,Bike,13,5.0,28,26.96,1.0399999999999991
886,3.98,Clear,High,Night,Car,19,3.0,41,41.62,-0.6199999999999974
670,6.06,Foggy,Low,Afternoon,Scooter,10,8.0,41,38.02,2.979999999999997
376,6.72,Foggy,Low,Evening,Bike,8,5.0,31,32.58,-1.5799999999999983
413,19.04,Clear,Medium,Morning,Scooter,27,2.0,85,89.62,-4.6200000000000045
75,14.28,Windy,High,Afternoon,Scooter,23,5.0,77,76.69,0.3100000000000023
114,16.26,Rainy,High,Morning,Bike,16,6.0,70,70.24,-0.23999999999999488
599,4.25,Clear,Low,Afternoon,Bike,5,4.0,22,23.63,-1.629999999999999
962,12.26,Clear,Low,Afternoon,Bike,20,2.0,66,64.86,1.1400000000000006
391,19.81,Clear,Low,Afternoon,Bike,27,1.0,74,82.71,-8.709999999999994
105,18.2,Windy,Medium,Morning,Bike,27,1.0,108,104.37,3.6299999999999955
115,12.85,Rainy,Medium,Morning,Scooter,14,8.0,73,70.38,2.6200000000000045
418,6.91,Clear,Low,Evening,Bike,27,8.0,91,76.45,14.549999999999997
526,9.64,Clear,Low,Morning,Bike,10,5.0,46,45.03,0.9699999999999989
458,9.64,Rainy,Medium,Evening,Bike,14,6.0,52,53.5,-1.5
410,2.28,Foggy,Medium,Morning,Scooter,27,6.0,44,43.35,0.6499999999999986
93,15.34,Rainy,Low,Afternoon,Bike,18,6.0,54,65.53,-11.530000000000001
931,3.22,Rainy,Medium,Night,Bike,14,8.0,34,34.6,-0.6000000000000014
90,9.71,Clear,Low,Morning,Bike,8,1.0,49,48.38,0.6199999999999974
337,17.18,Clear,Medium,Night,Scooter,13,1.0,62,67.62,-5.6200000000000045
989,5.3,Clear,Medium,Afternoon,Scooter,29,3.0,47,49.01,-2.009999999999998
922,10.0,Clear,Medium,Afternoon,Scooter,6,9.0,47,44.85,2.1499999999999986
934,10.75,Rainy,Medium,Morning,Bike,8,6.0,60,55.49,4.509999999999998
606,9.49,Rainy,Medium,Morning,Car,23,6.0,53,54.01,-1.009999999999998
594,7.24,Clear,Medium,Afternoon,Bike,28,7.0,57,60.79,-3.789999999999999
612,16.09,Rainy,Low,Morning,Bike,21,8.0,66,73.88,-7.8799999999999955
95,15.53,Clear,Low,Morning,Bike,26,6.0,83,82.2,0.7999999999999972
12,19.41,Windy,Low,Morning,Bike,11,8.0,62,67.26,-5.260000000000005
397,17.24,Clear,Low,Evening,Bike,17,5.0,69,69.87,-0.8700000000000045
534,11.33,Clear,Low,Morning,Bike,25,3.0,60,64.86,-4.859999999999999
44,18.23,Rainy,Low,Afternoon,Scooter,27,9.0,86,87.49,-1.4899999999999949
43,1.17,Clear,Medium,Morning,Bike,16,9.0,25,27.08,-2.0799999999999983
330,5.33,Clear,Low,Evening,Car,29,1.0,51,51.86,-0.8599999999999994
168,4.14,Rainy,Low,Morning,Bike,23,2.0,41,40.94,0.060000000000002274
498,2.02,Clear,High,Evening,Bike,28,5.0,44,43.54,0.46000000000000085
877,14.46,Rainy,Medium,Morning,Scooter,11,9.0,68,71.64,-3.6400000000000006
598,3.86,Clear,Medium,Afternoon,Bike,21,8.0,34,37.84,-3.8400000000000034
757,12.59,Windy,Medium,Morning,Bike,13,9.0,62,61.52,0.4799999999999969
101,1.11,Clear,High,Morning,Scooter,22,8.0,35,35.89,-0.8900000000000006
427,9.11,Clear,Low,Afternoon,Bike,19,6.0,42,53.97,-11.969999999999999
179,18.77,Snowy,Medium,Evening,Bike,24,0.0,115,108.76,6.239999999999995
445,16.35,Foggy,Medium,Night,Bike,16,6.0,67,68.23,-1.230000000000004
417,6.22,Clear,Low,Afternoon,Bike,16,9.0,29,33.67,-4.670000000000002
871,7.78,Foggy,High,Afternoon,Bike,25,3.0,74,69.56,4.439999999999998
883,0.88,Rainy,Low,Night,Car,27,2.0,37,39.14,-2.1400000000000006
681,16.43,Clear,Low,Evening,Bike,13,5.0,56,61.22,-5.219999999999999
178,8.04,Clear,Medium,Evening,Car,27,0.0,65,62.39,2.6099999999999994
396,18.65,Foggy,Low,Night,Car,19,2.0,68,76.13,-8.129999999999995
912,5.73,Foggy,Low,Morning,Scooter,7,2.0,30,32.16,-2.1599999999999966
794,12.42,Rainy,Low,Evening,Bike,28,9.0,79,77.26,1.7399999999999949
961,2.11,Clear,Low,Afternoon,Scooter,28,5.0,34,36.46,-2.460000000000001
685,18.62,Clear,Low,Evening,Scooter,27,6.0,75,79.9,-4.900000000000006
384,17.61,Clear,Medium,Morning,Scooter,19,3.0,80,79.28,0.7199999999999989
957,10.62,Rainy,Medium,Night,Bike,7,2.0,48,50.13,-2.1300000000000026
752,18.83,Clear,Medium,Night,Bike,8,0.0,68,74.3,-6.299999999999997
258,14.07,Clear,Medium,Morning,Bike,16,9.0,73,72.04,0.9599999999999937
539,9.29,Clear,Medium,Evening,Bike,10,9.0,40,43.08,-3.0799999999999983
336,1.29,Rainy,Low,Evening,Bike,7,7.0,15,15.46,-0.46000000000000085
16,4.08,Windy,Medium,Afternoon,Bike,7,0.0,33,33.79,-0.7899999999999991
325,19.12,Windy,High,Evening,Car,8,0.0,92,85.34,6.659999999999997
759,17.93,Clear,Medium,Afternoon,Bike,29,4.0,85,92.15,-7.150000000000006
223,2.33,Clear,Low,Morning,Car,6,1.0,17,19.97,-2.969999999999999
180,3.18,Rainy,Medium,Evening,Bike,21,3.0,42,40.59,1.4099999999999966
984,1.97,Clear,High,Morning,Car,28,7.0,43,42.97,0.030000000000001137
23,6.2,Windy,High,Evening,Scooter,7,3.0,42,39.8,2.200000000000003
357,1.02,Windy,High,Evening,Bike,6,8.0,21,19.75,1.25
667,5.3,Clear,Low,Evening,Bike,16,5.0,32,33.57,-1.5700000000000003
862,9.34,Rainy,Low,Evening,Car,10,0.0,40,47.43,-7.43
341,10.09,Clear,Medium,Evening,Bike,7,0.0,49,48.53,0.46999999999999886
432,15.35,Rainy,High,Night,Scooter,23,9.0,80,80.94,-0.9399999999999977
552,17.12,Rainy,Low,Morning,Bike,26,3.0,86,84.32,1.6800000000000068
834,3.94,Snowy,Low,Afternoon,Bike,19,3.0,43,41.84,1.1599999999999966
204,18.02,Clear,Medium,Evening,Car,12,3.0,77,79.13,-2.1299999999999955
631,14.41,Snowy,Medium,Evening,Bike,8,8.0,75,70.79,4.209999999999994
94,11.44,Rainy,Medium,Evening,Car,20,2.0,57,66.49,-9.489999999999995
559,15.23,Foggy,Low,Morning,Car,6,0.0,52,55.64,-3.6400000000000006
69,1.95,Clear,Low,Morning,Scooter,16,2.0,23,25.02,-2.0199999999999996
623,7.72,Rainy,Medium,Morning,Bike,11,5.0,36,39.64,-3.6400000000000006
285,11.78,Clear,Low,Afternoon,Scooter,26,3.0,71,69.78,1.2199999999999989
845,3.4,Windy,Medium,Morning,Bike,11,6.0,30,27.42,2.5799999999999983
435,2.14,Clear,High,Evening,Bike,18,3.0,34,33.78,0.21999999999999886
154,10.04,Rainy,High,Afternoon,Bike,12,9.0,59,58.81,0.18999999999999773
76,14.72,Clear,Medium,Evening,Scooter,15,8.0,80,77.18,2.819999999999993
731,3.7,Clear,Medium,Morning,Bike,28,7.0,45,44.87,0.13000000000000256
447,19.73,Rainy,Low,Evening,Bike,8,8.0,64,64.91,-0.9099999999999966
189,10.83,Clear,Medium,Evening,Scooter,8,9.0,51,49.76,1.240000000000002
272,16.3,Foggy,Low,Morning,Car,12,1.0,100,93.22,6.780000000000001
237,5.98,Foggy,High,Morning,Bike,14,6.0,44,46.8,-2.799999999999997
488,5.98,Rainy,High,Morning,Bike,21,2.0,60,50.5,9.5
118,4.14,Foggy,Medium,Morning,Bike,21,0.0,46,48.01,-2.009999999999998
944,16.68,Clear,Medium,Afternoon,Bike,9,9.0,63,65.49,-2.489999999999995
513,18.69,Windy,Medium,Night,Bike,23,9.0,74,80.21,-6.209999999999994
826,18.44,Rainy,High,Morning,Bike,27,7.0,80,89.12,-9.120000000000005
592,13.0,Windy,High,Morning,Bike,22,8.0,65,68.87,-3.8700000000000045
127,16.45,Clear,Medium,Evening,Scooter,25,3.0,87,78.02,8.980000000000004
117,16.17,Clear,Medium,Evening,Car,10,2.0,116,104.63,11.370000000000005
474,17.88,Clear,Medium,Evening,Bike,29,3.0,98,93.83,4.170000000000002
694,5.23,Clear,Medium,Morning,Scooter,19,4.0,37,37.74,-0.740000000000002
58,4.32,Clear,Medium,Morning,Bike,17,4.0,36,36.45,-0.45000000000000284
864,9.09,Rainy,Medium,Morning,Bike,6,7.0,43,46.26,-3.259999999999998
913,12.67,Windy,Medium,Morning,Scooter,7,3.0,43,52.19,-9.189999999999998
370,1.85,Clear,Medium,Evening,Bike,10,1.0,24,23.3,0.6999999999999993
269,7.51,Rainy,Low,Evening,Car,27,6.0,50,53.14,-3.1400000000000006
47,6.58,Clear,Low,Afternoon,Bike,13,1.0,34,36.13,-2.1300000000000026
350,12.7,Clear,Low,Morning,Scooter,22,2.0,57,67.91,-10.909999999999997
196,7.31,Foggy,Medium,Afternoon,Bike,26,2.0,65,68.47,-3.469999999999999
1000,9.2,Clear,High,Morning,Scooter,9,9.0,48,45.89,2.1099999999999994
835,10.22,Foggy,Low,Afternoon,Scooter,21,0.0,61,59.61,1.3900000000000006
737,8.15,Clear,High,Evening,Scooter,12,9.0,43,44.43,-1.4299999999999997
264,10.61,Clear,Medium,Morning,Bike,17,0.0,59,59.4,-0.3999999999999986
444,7.73,Clear,High,Night,Bike,29,5.0,58,58.7,-0.7000000000000028
676,19.66,Clear,Low,Morning,Car,19,6.0,70,76.53,-6.530000000000001
305,14.66,Snowy,High,Morning,Car,5,6.0,71,66.81,4.189999999999998
342,9.73,Clear,Low,Afternoon,Bike,29,6.0,60,61.06,-1.0600000000000023
967,14.52,Clear,Medium,Afternoon,Car,26,5.0,86,82.9,3.0999999999999943
150,5.93,Foggy,High,Morning,Scooter,27,1.0,106,61.28,44.72
125,4.94,Rainy,High,Evening,Scooter,28,4.0,63,58.16,4.840000000000003
787,11.88,Rainy,High,Afternoon,Car,29,9.0,78,74.42,3.5799999999999983
51,19.41,Foggy,Medium,Morning,Car,7,6.0,66,66.67,-0.6700000000000017
354,3.68,Clear,High,Afternoon,Car,16,6.0,47,42.36,4.640000000000001
928,11.06,Clear,High,Evening,Bike,6,9.0,53,51.67,1.3299999999999983
143,10.2,Rainy,Medium,Afternoon,Bike,18,9.0,56,57.44,-1.4399999999999977
471,0.74,Rainy,Low,Morning,Car,13,4.0,21,21.92,-0.9200000000000017
400,15.21,Snowy,Medium,Afternoon,Bike,20,9.0,90,78.81,11.189999999999998
626,7.69,Rainy,High,Morning,Scooter,16,3.0,58,53.89,4.109999999999999
321,11.21,Clear,High,Afternoon,Scooter,23,1.0,76,73.57,2.430000000000007
20,6.18,Clear,Medium,Evening,Bike,9,9.0,35,33.91,1.0900000000000034
810,2.71,Clear,Medium,Morning,Car,6,5.0,19,20.96,-1.9600000000000009
791,3.49,Clear,Medium,Morning,Bike,17,2.0,38,36.32,1.6799999999999997
809,9.29,Clear,Medium,Morning,Bike,17,2.0,49,58.08,-9.079999999999998
408,0.71,Foggy,Low,Night,Bike,29,1.0,41,39.68,1.3200000000000003
538,5.32,Rainy,Low,Afternoon,Scooter,27,2.0,48,49.99,-1.990000000000002
621,4.1,Clear,Medium,Evening,Car,18,3.0,38,41.07,-3.0700000000000003
39,13.84,Clear,Low,Morning,Scooter,18,5.0,64,66.02,-2.019999999999996
176,3.9,Rainy,High,Morning,Car,25,9.0,54,51.13,2.8699999999999974
246,18.6,Rainy,Medium,Morning,Car,28,9.0,77,87.82,-10.819999999999993
829,14.88,Snowy,Medium,Evening,Bike,10,0.0,64,65.39,-1.3900000000000006
668,3.63,Windy,Medium,Morning,Car,22,9.0,39,40.86,-1.8599999999999994
755,3.22,Windy,High,Morning,Car,7,7.0,27,27.46,-0.46000000000000085
859,11.51,Foggy,Low,Afternoon,Car,5,7.0,57,50.02,6.979999999999997
155,19.72,Rainy,Low,Afternoon,Bike,27,6.0,109,85.32,23.680000000000007
288,11.08,Clear,Low,Evening,Scooter,28,2.0,58,63.01,-5.009999999999998
603,3.95,Clear,Medium,Morning,Car,28,5.0,47,46.25,0.75
570,7.29,Clear,High,Evening,Car,11,7.0,48,45.85,2.1499999999999986
744,10.3,Clear,Low,Morning,Car,12,7.0,41,48.27,-7.270000000000003
18,10.73,Rainy,High,Afternoon,Car,27,6.0,83,75.54,7.459999999999994
128,17.28,Clear,Low,Morning,Car,28,3.0,72,81.15,-9.150000000000006
323,13.37,Foggy,Medium,Evening,Scooter,16,9.0,71,69.7,1.2999999999999972
256,11.36,Clear,Medium,Morning,Scooter,8,2.0,52,52.09,-0.09000000000000341
658,7.58,Clear,High,Afternoon,Scooter,19,9.0,57,44.89,12.11
965,6.13,Rainy,High,Morning,Bike,25,6.0,59,55.55,3.450000000000003
191,2.32,Clear,Low,Afternoon,Scooter,23,1.0,32,33.66,-1.6599999999999966
116,17.49,Rainy,Low,Evening,Bike,27,9.0,97,92.66,4.340000000000003
617,1.69,Windy,Medium,Afternoon,Car,11,7.0,20,20.85,-0.8500000000000014
607,4.52,Clear,Low,Evening,Car,17,0.0,71,60.49,10.509999999999998
181,7.15,Windy,Low,Morning,Bike,15,3.0,42,42.47,-0.46999999999999886
302,10.86,Windy,Medium,Morning,Car,10,4.0,60,58.42,1.5799999999999983
760,15.88,Rainy,Low,Evening,Car,17,1.0,68,70.6,-2.5999999999999943
713,9.7,Snowy,Low,Evening,Bike,6,5.0,45,45.3,-0.29999999999999716
724,14.95,Clear,Medium,Morning,Bike,13,7.0,49,54.97,-5.969999999999999
686,11.36,Foggy,Low,Afternoon,Bike,6,4.0,47,48.24,-1.240000000000002
980,12.14,Foggy,High,Afternoon,Bike,12,0.0,65,64.68,0.3199999999999932
518,16.31,Foggy,Medium,Afternoon,Car,14,7.0,71,70.84,0.1599999999999966
985,14.7,Clear,Medium,Evening,Scooter,24,5.0,75,75.19,-0.18999999999999773
46,13.42,Rainy,Medium,Evening,Bike,6,6.0,105,86.73,18.269999999999996
910,7.9,Clear,Low,Afternoon,Scooter,22,5.0,48,49.31,-1.3100000000000023
158,15.35,Foggy,Low,Morning,Car,5,3.0,56,56.22,-0.21999999999999886
852,15.12,Foggy,Low,Morning,Bike,14,1.0,58,62.18,-4.18
172,0.82,Windy,Low,Morning,Car,18,9.0,23,23.26,-0.26000000000000156
17,6.43,Clear,Low,Evening,Car,9,7.0,26,28.34,-2.34
512,8.66,Snowy,High,Morning,Bike,29,3.0,77,74.24,2.760000000000005
49,11.16,Foggy,Medium,Afternoon,Car,21,4.0,77,67.08,9.920000000000002
972,18.77,Foggy,Low,Afternoon,Car,15,5.0,71,73.8,-2.799999999999997
941,5.84,Clear,Medium,Evening,Bike,21,7.0,35,38.39,-3.3900000000000006
516,1.01,Clear,High,Night,Bike,17,7.0,29,28.86,0.14000000000000057
953,3.92,Rainy,Medium,Night,Bike,20,9.0,41,39.82,1.1799999999999997
481,12.77,Foggy,Low,Morning,Bike,22,8.0,71,68.28,2.719999999999999
284,2.33,Clear,Low,Evening,Bike,9,2.0,18,22.17,-4.170000000000002
719,2.92,Windy,High,Afternoon,Bike,24,4.0,48,52.3,-4.299999999999997
878,13.35,Rainy,Low,Evening,Scooter,14,4.0,91,80.7,10.299999999999997
226,5.26,Rainy,Medium,Evening,Scooter,28,8.0,51,52.61,-1.6099999999999994
27,4.39,Foggy,Medium,Night,Bike,12,8.0,38,35.0,3.0
955,8.67,Windy,High,Morning,Bike,20,4.0,55,59.55,-4.549999999999997
438,16.53,Snowy,Low,Afternoon,Scooter,24,9.0,99,92.13,6.8700000000000045
952,13.47,Clear,Medium,Evening,Bike,19,4.0,59,63.18,-4.18
365,18.86,Snowy,Medium,Night,Bike,18,1.0,89,89.07,-0.06999999999999318
230,12.81,Clear,Low,Morning,Bike,12,2.0,51,54.04,-3.039999999999999
38,2.4,Snowy,Low,Night,Scooter,27,5.0,42,40.8,1.2000000000000028
966,7.44,Rainy,Medium,Evening,Bike,6,1.0,39,37.24,1.759999999999998
375,1.89,Clear,Medium,Evening,Scooter,13,7.0,22,23.4,-1.3999999999999986
470,19.28,Snowy,Medium,Morning,Car,21,3.0,101,97.66,3.3400000000000034
968,6.29,Clear,Medium,Morning,Scooter,10,7.0,27,32.4,-5.399999999999999
851,1.81,Clear,Medium,Afternoon,Car,23,3.0,34,34.65,-0.6499999999999986
705,1.74,Clear,Medium,Night,Bike,23,2.0,34,35.22,-1.2199999999999989
842,13.44,Clear,Medium,Morning,Car,22,1.0,79,69.29,9.709999999999994
195,7.11,Clear,Low,Afternoon,Scooter,27,5.0,48,55.26,-7.259999999999998
855,4.5,Windy,Low,Evening,Scooter,20,6.0,32,34.61,-2.6099999999999994
865,8.31,Windy,Medium,Morning,Bike,6,5.0,44,40.66,3.3400000000000034
504,16.37,Clear,High,Morning,Bike,26,7.0,97,91.44,5.560000000000002
970,9.78,Clear,Medium,Afternoon,Bike,18,3.0,58,57.96,0.03999999999999915
831,4.88,Windy,Medium,Afternoon,Scooter,26,7.0,48,47.88,0.11999999999999744
580,5.54,Rainy,Medium,Morning,Scooter,28,9.0,51,52.45,-1.4500000000000028
969,11.54,Clear,High,Afternoon,Car,10,0.0,56,55.62,0.38000000000000256
163,12.85,Clear,Low,Afternoon,Scooter,5,5.0,54,52.36,1.6400000000000006
909,5.56,Clear,Low,Afternoon,Scooter,19,5.0,31,32.76,-1.759999999999998
153,3.33,Clear,Medium,Evening,Scooter,24,2.0,44,48.79,-4.789999999999999
802,3.47,Snowy,High,Night,Bike,24,9.0,53,54.41,-1.4099999999999966
994,12.01,Clear,Low,Morning,Scooter,26,6.0,57,71.55,-14.549999999999997
756,15.98,Foggy,Low,Morning,Car,21,6.0,90,83.62,6.3799999999999955
112,3.64,Clear,Low,Morning,Scooter,16,3.0,26,28.59,-2.59
227,19.47,Clear,Low,Morning,Bike,16,8.0,83,78.67,4.329999999999998
689,15.51,Rainy,Medium,Morning,Scooter,10,8.0,81,77.13,3.8700000000000045
104,10.42,Windy,Medium,Afternoon,Bike,28,3.0,72,70.66,1.3400000000000034
422,15.9,Rainy,Low,Evening,Car,19,5.0,78,88.39,-10.39
420,15.17,Windy,Low,Morning,Bike,25,4.0,77,76.1,0.9000000000000057
751,2.78,Rainy,Low,Morning,Bike,21,4.0,37,34.51,2.490000000000002
587,1.98,Rainy,Low,Afternoon,Bike,22,0.0,39,37.66,1.3400000000000034
781,14.03,Clear,Low,Afternoon,Bike,17,2.0,65,65.99,-0.9899999999999949
673,2.06,Foggy,Medium,Evening,Scooter,22,4.0,40,39.92,0.0799999999999983
120,11.02,Clear,High,Morning,Scooter,22,2.0,70,68.94,1.0600000000000023
54,17.95,Snowy,High,Morning,Scooter,16,5.0,96,86.32,9.680000000000007
152,5.17,Foggy,Low,Morning,Bike,29,0.0,56,56.48,-0.4799999999999969
404,16.62,Snowy,Low,Afternoon,Bike,26,8.0,94,92.36,1.6400000000000006
946,0.71,Rainy,Low,Morning,Car,25,8.0,31,30.64,0.35999999999999943
208,13.44,Clear,Medium,Evening,Scooter,9,5.0,55,67.37,-12.370000000000005
659,13.1,Clear,Low,Evening,Bike,28,2.0,72,71.65,0.3499999999999943
844,19.24,Rainy,High,Afternoon,Bike,9,7.0,75,74.9,0.09999999999999432
763,5.35,Clear,Medium,Afternoon,Scooter,24,6.0,43,45.35,-2.3500000000000014
9,12.22,Clear,Low,Evening,Scooter,15,0.0,56,60.84,-4.840000000000003
808,18.55,Clear,Low,Afternoon,Car,11,9.0,69,68.91,0.09000000000000341
37,6.44,Clear,Low,Afternoon,Car,18,2.0,43,44.12,-1.1199999999999974
453,8.77,Foggy,Medium,Evening,Car,14,7.0,49,53.37,-4.369999999999997
652,10.97,Clear,Low,Afternoon,Scooter,27,3.0,51,63.36,-12.36
254,6.68,Clear,High,Morning,Scooter,10,5.0,44,41.83,2.1700000000000017
304,12.93,Rainy,Low,Afternoon,Scooter,25,0.0,61,75.0,-14.0
747,7.99,Clear,Medium,Evening,Bike,18,4.0,42,45.32,-3.3200000000000003
572,15.78,Clear,High,Afternoon,Scooter,12,1.0,68,70.11,-2.1099999999999994
624,9.95,Windy,High,Evening,Scooter,21,5.0,72,54.53,17.47
733,13.47,Rainy,Low,Afternoon,Scooter,7,6.0,46,55.18,-9.18
892,17.19,Clear,Medium,Afternoon,Bike,11,8.0,76,72.73,3.269999999999996
263,3.23,Clear,High,Afternoon,Bike,17,9.0,33,33.54,-0.5399999999999991
611,1.27,Foggy,High,Afternoon,Bike,25,9.0,46,42.95,3.049999999999997
298,4.71,Clear,Low,Morning,Bike,20,6.0,31,36.79,-5.789999999999999
415,12.82,Rainy,Medium,Evening,Bike,28,9.0,72,74.55,-2.549999999999997
151,18.21,Clear,Low,Evening,Bike,6,3.0,74,69.34,4.659999999999997
789,9.51,Clear,High,Morning,Bike,26,9.0,63,62.39,0.6099999999999994
641,0.89,Rainy,Low,Morning,Car,9,0.0,20,21.01,-1.0100000000000016
890,5.24,Windy,High,Afternoon,Scooter,26,8.0,51,50.96,0.03999999999999915
551,10.64,Windy,Low,Evening,Car,11,9.0,36,40.13,-4.130000000000003
887,13.23,Clear,Medium,Night,Bike,20,8.0,70,67.36,2.6400000000000006
489,19.03,Clear,Medium,Morning,Scooter,8,8.0,65,69.18,-4.180000000000007
148,10.3,Rainy,Low,Evening,Bike,29,0.0,73,70.22,2.780000000000001
147,12.39,Snowy,Medium,Evening,Bike,14,8.0,56,59.5,-3.5
721,18.8,Clear,High,Afternoon,Bike,23,7.0,95,92.24,2.760000000000005
932,16.78,Rainy,Medium,Morning,Bike,22,1.0,70,76.63,-6.6299999999999955
740,7.85,Clear,Low,Afternoon,Scooter,7,9.0,34,33.74,0.259999999999998
660,11.63,Clear,Medium,Night,Scooter,29,7.0,57,63.9,-6.899999999999999
349,7.8,Windy,Medium,Afternoon,Car,17,6.0,44,44.41,-0.4099999999999966
464,11.88,Rainy,Medium,Afternoon,Bike,5,1.0,63,54.46,8.54
326,14.89,Clear,High,Evening,Car,22,9.0,88,80.74,7.260000000000005
187,16.44,Rainy,High,Afternoon,Bike,12,5.0,86,81.01,4.989999999999995
124,2.65,Clear,Medium,Afternoon,Car,14,4.0,35,29.41,5.59
854,18.01,Foggy,High,Night,Bike,14,2.0,71,73.37,-2.3700000000000045
609,10.32,Clear,Medium,Night,Car,24,5.0,49,55.09,-6.090000000000003
144,6.37,Rainy,Low,Afternoon,Car,29,4.0,56,58.67,-2.6700000000000017
959,3.74,Rainy,Low,Morning,Bike,19,6.0,36,34.92,1.0799999999999983
198,17.99,Windy,High,Evening,Bike,5,1.0,73,65.56,7.439999999999998
610,13.96,Rainy,Low,Night,Bike,5,1.0,42,50.01,-8.009999999999998
280,16.02,Clear,Low,Evening,Bike,20,7.0,61,66.79,-5.790000000000006
294,7.52,Clear,Medium,Afternoon,Car,17,9.0,44,43.86,0.14000000000000057
401,2.51,Clear,Low,Morning,Bike,16,2.0,28,27.31,0.6900000000000013
123,6.7,Foggy,High,Morning,Scooter,23,3.0,59,60.47,-1.4699999999999989
184,17.61,Windy,Low,Morning,Bike,5,8.0,61,61.02,-0.020000000000003126
203,3.65,Clear,Medium,Morning,Bike,29,9.0,46,49.26,-3.259999999999998
439,14.27,Clear,Medium,Night,Car,24,3.0,77,77.44,-0.4399999999999977
247,8.85,Clear,Low,Afternoon,Bike,11,9.0,45,43.42,1.5799999999999983
416,9.24,Windy,Medium,Afternoon,Bike,8,2.0,49,48.61,0.39000000000000057
933,19.7,Rainy,Low,Evening,Car,16,6.0,66,68.94,-2.9399999999999977
766,11.61,Clear,High,Morning,Car,19,1.0,67,65.53,1.4699999999999989
907,16.44,Windy,High,Afternoon,Car,8,0.0,80,81.27,-1.269999999999996
836,8.67,Rainy,High,Afternoon,Bike,12,7.0,104,81.74,22.260000000000005
888,5.14,Clear,Medium,Evening,Scooter,23,7.0,43,43.74,-0.740000000000002
130,10.46,Clear,Medium,Evening,Bike,25,3.0,68,68.91,-0.9099999999999966
638,5.23,Clear,Medium,Morning,Scooter,23,2.0,47,46.85,0.14999999999999858
403,10.35,Clear,Medium,Night,Bike,7,9.0,48,48.76,-0.759999999999998
785,4.04,Rainy,High,Evening,Bike,14,6.0,39,38.3,0.7000000000000028
771,2.66,Clear,Low,Afternoon,Bike,16,8.0,21,26.61,-5.609999999999999
736,17.61,Foggy,Medium,Afternoon,Bike,9,5.0,74,73.71,0.29000000000000625
914,8.48,Clear,High,Night,Bike,11,5.0,39,43.33,-4.329999999999998
220,17.06,Clear,Low,Evening,Bike,9,9.0,66,67.24,-1.2399999999999949
642,6.78,Foggy,Low,Night,Bike,18,6.0,42,49.26,-7.259999999999998
916,9.0,Snowy,Medium,Afternoon,Car,29,3.0,78,75.76,2.239999999999995
753,12.74,Clear,Low,Afternoon,Scooter,12,0.0,63,62.65,0.3500000000000014
807,18.72,Rainy,Medium,Afternoon,Bike,17,0.0,89,88.16,0.8400000000000034
920,3.23,Clear,Low,Morning,Bike,7,7.0,14,26.41,-12.41
625,12.56,Clear,Low,Morning,Car,22,8.0,49,56.52,-7.520000000000003
875,1.0,Snowy,Medium,Morning,Bike,28,0.0,51,48.44,2.5600000000000023
761,3.46,Clear,Low,Morning,Bike,24,6.0,37,38.33,-1.3299999999999983
387,6.0,Snowy,Low,Morning,Car,20,8.0,53,46.19,6.810000000000002
973,14.79,Clear,Medium,Morning,Scooter,12,9.0,64,65.41,-1.4099999999999966
510,14.65,Snowy,High,Morning,Car,19,3.0,95,91.73,3.269999999999996
268,14.2,Clear,Medium,Afternoon,Bike,17,1.0,73,70.72,2.280000000000001
820,7.04,Clear,Low,Afternoon,Bike,11,8.0,38,37.85,0.14999999999999858
442,19.74,Clear,Medium,Afternoon,Car,16,1.0,98,92.41,5.590000000000003
497,11.88,Rainy,Medium,Evening,Bike,20,8.0,69,67.71,1.2900000000000063
113,18.63,Clear,Low,Evening,Bike,26,8.0,75,80.43,-5.430000000000007
692,8.8,Rainy,Medium,Afternoon,Bike,6,2.0,38,49.72,-11.719999999999999
233,11.75,Clear,High,Morning,Bike,9,2.0,55,53.64,1.3599999999999994
870,18.95,Snowy,Low,Morning,Car,27,0.0,92,95.59,-3.5900000000000034
608,7.6,Foggy,Low,Morning,Bike,16,4.0,48,53.14,-5.140000000000001
672,17.99,Foggy,Low,Morning,Car,11,2.0,84,83.54,0.45999999999999375
374,13.82,Clear,Medium,Evening,Bike,21,9.0,72,71.28,0.7199999999999989
982,15.53,Foggy,Low,Evening,Bike,26,7.0,68,83.43,-15.430000000000007
843,3.97,Clear,High,Afternoon,Bike,19,8.0,40,39.69,0.3100000000000023
234,10.1,Clear,High,Morning,Car,17,6.0,55,55.01,-0.00999999999999801
786,18.21,Foggy,Low,Morning,Bike,5,1.0,70,70.44,-0.4399999999999977
677,2.68,Clear,Low,Morning,Bike,16,8.0,25,26.1,-1.1000000000000014
318,3.88,Snowy,Low,Morning,Bike,9,6.0,33,32.39,0.6099999999999994
649,15.89,Snowy,Medium,Afternoon,Car,15,9.0,91,80.63,10.370000000000005
411,6.73,Clear,Medium,Afternoon,Bike,21,1.0,54,52.55,1.4500000000000028
899,0.75,Clear,Medium,Afternoon,Bike,10,5.0,16,18.39,-2.3900000000000006
710,13.79,Rainy,Low,Night,Scooter,11,0.0,69,64.85,4.150000000000006
359,18.83,Clear,Medium,Evening,Scooter,5,8.0,69,67.45,1.5499999999999972
259,11.62,Clear,Low,Afternoon,Bike,9,8.0,33,39.19,-6.189999999999998
745,5.03,Clear,Medium,Morning,Bike,17,5.0,38,38.06,-0.060000000000002274
628,15.08,Rainy,Medium,Evening,Scooter,26,1.0,94,89.59,4.409999999999997
633,10.48,Rainy,Low,Afternoon,Car,10,7.0,45,44.7,0.29999999999999716
283,7.82,Rainy,Medium,Evening,Bike,16,8.0,45,45.92,-0.9200000000000017
377,16.98,Clear,Low,Morning,Bike,11,6.0,78,74.84,3.1599999999999966
385,14.83,Rainy,Low,Morning,Car,19,4.0,126,106.51,19.489999999999995
225,5.67,Clear,Low,Morning,Scooter,11,9.0,27,28.64,-1.6400000000000006
954,18.33,Snowy,Medium,Morning,Scooter,5,5.0,67,68.48,-1.480000000000004
815,17.46,Clear,Medium,Morning,Scooter,6,5.0,62,58.88,3.1199999999999974
473,1.34,Foggy,High,Evening,Bike,9,5.0,30,26.98,3.0199999999999996
348,1.38,Clear,Low,Morning,Scooter,13,9.0,17,18.44,-1.4400000000000013
506,3.67,Clear,Low,Morning,Bike,9,0.0,26,28.13,-2.129999999999999
640,7.86,Windy,Medium,Morning,Car,22,2.0,55,56.48,-1.4799999999999969
988,8.98,Clear,Medium,Afternoon,Scooter,22,8.0,105,89.01,15.989999999999995
929,12.85,Rainy,Medium,Evening,Scooter,6,7.0,61,62.88,-1.8800000000000026
906,17.91,Clear,Low,Afternoon,Bike,6,7.0,68,63.44,4.560000000000002
620,15.09,Snowy,Low,Morning,Car,20,7.0,68,74.15,-6.150000000000006
856,4.22,Clear,Medium,Morning,Bike,16,7.0,35,36.33,-1.3299999999999983
804,12.33,Clear,High,Night,Bike,7,2.0,101,81.95,19.049999999999997
646,17.87,Snowy,Low,Morning,Scooter,29,4.0,87,87.91,-0.9099999999999966
847,2.16,Clear,Medium,Night,Car,10,1.0,23,25.05,-2.0500000000000007
557,3.11,Rainy,Medium,Morning,Scooter,21,1.0,43,41.65,1.3500000000000014
958,1.42,Clear,High,Afternoon,Scooter,24,2.0,40,41.45,-1.4500000000000028
578,18.57,Rainy,Medium,Afternoon,Bike,16,7.0,89,77.69,11.310000000000002
796,17.51,Clear,Medium,Evening,Bike,15,3.0,60,67.27,-7.269999999999996
86,6.84,Clear,Medium,Evening,Bike,25,1.0,51,52.98,-1.9799999999999969
243,18.34,Snowy,Medium,Afternoon,Scooter,22,5.0,91,89.15,1.8499999999999943
699,3.51,Windy,Medium,Night,Bike,22,2.0,44,42.55,1.4500000000000028
160,14.7,Clear,Medium,Morning,Scooter,6,2.0,58,57.72,0.28000000000000114
525,16.85,Clear,High,Morning,Car,17,4.0,71,74.06,-3.0600000000000023
36,16.26,Rainy,Low,Morning,Car,27,5.0,66,76.07,-10.069999999999993
541,19.1,Snowy,Medium,Morning,Bike,25,6.0,90,93.36,-3.3599999999999994
171,13.71,Rainy,Medium,Evening,Bike,22,9.0,64,74.54,-10.540000000000006
655,8.92,Clear,Medium,Morning,Bike,10,1.0,51,49.35,1.6499999999999986
891,14.58,Clear,Low,Evening,Bike,23,0.0,70,72.06,-2.0600000000000023
858,9.71,Clear,Low,Afternoon,Car,27,5.0,61,61.23,-0.22999999999999687
848,19.94,Clear,Low,Afternoon,Bike,26,6.0,83,84.14,-1.1400000000000006
945,4.53,Snowy,Medium,Morning,Scooter,18,4.0,49,46.42,2.5799999999999983
734,10.7,Clear,High,Afternoon,Car,8,4.0,57,55.0,2.0
96,10.13,Clear,Medium,Evening,Bike,22,0.0,65,61.45,3.549999999999997
564,0.78,Clear,Low,Afternoon,Bike,11,0.0,18,20.3,-2.3000000000000007
241,18.84,Foggy,Medium,Afternoon,Scooter,25,8.0,88,89.72,-1.7199999999999989
743,15.08,Snowy,Low,Evening,Bike,29,7.0,84,81.11,2.8900000000000006
575,17.32,Clear,Low,Evening,Scooter,10,3.0,77,80.77,-3.769999999999996
691,6.81,Clear,Medium,Evening,Bike,23,2.0,47,53.22,-6.219999999999999
461,2.79,Clear,High,Morning,Bike,23,7.0,38,39.5,-1.5
554,11.44,Foggy,High,Afternoon,Car,14,4.0,74,69.76,4.239999999999995
889,2.44,Snowy,High,Evening,Bike,13,9.0,39,36.68,2.3200000000000003
207,2.48,Rainy,Low,Evening,Scooter,20,8.0,30,30.15,-0.14999999999999858
393,7.75,Clear,Medium,Evening,Scooter,21,1.0,55,54.08,0.9200000000000017
795,0.85,Clear,Medium,Morning,Bike,9,8.0,17,19.07,-2.0700000000000003
398,8.87,Clear,Low,Evening,Bike,19,3.0,55,56.99,-1.990000000000002
767,15.37,Snowy,Medium,Afternoon,Car,15,5.0,66,71.39,-5.390000000000001
849,10.29,Foggy,Medium,Evening,Scooter,25,4.0,67,66.4,0.5999999999999943
218,15.06,Rainy,Low,Morning,Bike,22,4.0,65,73.89,-8.89
5,3.54,Foggy,Low,Morning,Bike,23,7.0,37,37.62,-0.6199999999999974
769,7.17,Clear,Medium,Morning,Scooter,7,9.0,29,30.79,-1.7899999999999991
643,4.62,Rainy,Medium,Afternoon,Car,8,3.0,33,33.32,-0.3200000000000003
930,5.53,Clear,Low,Morning,Car,10,8.0,27,32.01,-5.009999999999998
613,12.74,Rainy,Low,Afternoon,Bike,17,9.0,63,62.6,0.3999999999999986
739,9.06,Clear,High,Evening,Bike,26,3.0,61,61.06,-0.060000000000002274
547,2.71,Foggy,Low,Morning,Bike,6,0.0,28,26.89,1.1099999999999994
726,16.92,Clear,Low,Night,Bike,23,5.0,78,77.62,0.37999999999999545
684,13.54,Foggy,Low,Morning,Bike,11,1.0,54,56.07,-2.0700000000000003
99,1.0,Snowy,Medium,Morning,Bike,25,4.0,44,42.1,1.8999999999999986
805,8.77,Clear,Medium,Morning,Car,12,2.0,42,56.05,-14.049999999999997
728,16.01,Windy,Low,Morning,Car,28,0.0,84,79.15,4.849999999999994
574,12.63,Foggy,Medium,Night,Scooter,8,8.0,49,56.3,-7.299999999999997
407,8.09,Foggy,Low,Evening,Car,22,2.0,56,60.8,-4.799999999999997
503,6.54,Clear,Medium,Night,Bike,10,7.0,39,37.2,1.7999999999999972
48,10.64,Clear,Medium,Afternoon,Scooter,14,5.0,45,58.31,-13.310000000000002
33,1.77,Clear,Medium,Evening,Bike,14,9.0,22,24.81,-2.8099999999999987
780,13.0,Foggy,Low,Evening,Bike,25,7.0,77,74.59,2.4099999999999966
840,12.83,Clear,Low,Evening,Bike,5,8.0,50,51.3,-1.2999999999999972
201,13.02,Snowy,High,Afternoon,Car,6,9.0,65,65.98,-0.980000000000004
135,18.89,Rainy,Medium,Morning,Scooter,22,1.0,74,82.67,-8.670000000000002
28,10.53,Foggy,High,Evening,Bike,25,8.0,72,70.5,1.5
881,5.01,Rainy,Low,Afternoon,Bike,10,5.0,31,31.37,-0.370000000000001
231,16.0,Foggy,Medium,Afternoon,Scooter,13,3.0,65,67.74,-2.739999999999995
490,17.86,Clear,Low,Afternoon,Scooter,16,8.0,83,79.19,3.8100000000000023
773,2.99,Foggy,High,Afternoon,Bike,9,5.0,90,29.15,60.85
379,16.38,Clear,Medium,Morning,Bike,6,2.0,51,55.91,-4.909999999999997
289,6.09,Clear,Medium,Night,Bike,7,4.0,27,31.1,-4.100000000000001
419,13.61,Clear,Low,Morning,Bike,26,0.0,66,71.84,-5.840000000000003
675,8.5,Snowy,High,Evening,Bike,14,7.0,56,55.33,0.6700000000000017
392,8.55,Clear,Low,Evening,Scooter,28,8.0,46,56.26,-10.259999999999998
593,4.05,Clear,Medium,Afternoon,Scooter,21,5.0,39,41.75,-2.75
499,19.5,Clear,High,Morning,Bike,18,2.0,73,92.78,-19.78
139,7.59,Clear,Medium,Afternoon,Scooter,16,3.0,37,49.54,-12.54
63,16.66,Snowy,High,Afternoon,Scooter,29,7.0,95,92.38,2.6200000000000045
472,19.41,Snowy,High,Evening,Car,21,3.0,100,103.42,-3.4200000000000017
648,13.74,Foggy,Medium,Afternoon,Bike,6,1.0,56,59.57,-3.5700000000000003
129,0.64,Clear,High,Night,Bike,10,3.0,24,23.2,0.8000000000000007
977,12.1,Clear,High,Afternoon,Bike,11,0.0,53,55.98,-2.979999999999997
521,12.09,Clear,Medium,Morning,Car,13,1.0,60,60.12,-0.11999999999999744
839,11.82,Windy,Medium,Night,Bike,24,7.0,77,74.14,2.8599999999999994
963,5.28,Foggy,Low,Morning,Bike,27,6.0,53,51.86,1.1400000000000006
65,5.98,Clear,Low,Evening,Car,22,9.0,35,38.43,-3.4299999999999997
813,2.93,Clear,Medium,Morning,Bike,24,8.0,94,73.22,20.78
15,4.05,Snowy,Medium,Evening,Scooter,19,2.0,50,49.69,0.3100000000000023
157,13.61,Clear,Low,Morning,Scooter,12,2.0,43,58.63,-15.630000000000003
41,2.88,Rainy,Medium,Morning,Car,16,4.0,41,39.61,1.3900000000000006
493,5.91,Clear,Medium,Evening,Scooter,29,4.0,57,55.4,1.6000000000000014
380,6.0,Rainy,Medium,Evening,Scooter,21,2.0,47,47.72,-0.7199999999999989
188,11.33,Clear,Medium,Afternoon,Scooter,29,7.0,77,66.64,10.36
764,15.01,Clear,Medium,Morning,Bike,15,6.0,64,69.86,-5.859999999999999
217,6.85,Clear,High,Morning,Bike,16,5.0,48,48.18,-0.17999999999999972
792,11.93,Snowy,High,Morning,Car,7,1.0,75,68.21,6.790000000000006
53,18.82,Windy,Low,Morning,Car,5,3.0,77,73.71,3.2900000000000063
879,1.03,Clear,Medium,Afternoon,Bike,19,4.0,29,29.1,-0.10000000000000142
338,14.22,Rainy,Medium,Evening,Car,25,8.0,84,80.11,3.8900000000000006
749,18.18,Snowy,High,Morning,Bike,17,3.0,85,85.41,-0.4099999999999966
720,14.75,Clear,Low,Morning,Car,10,7.0,62,62.97,-0.9699999999999989
725,11.7,Rainy,Low,Afternoon,Bike,17,5.0,60,56.47,3.530000000000001
296,10.68,Clear,Low,Morning,Bike,14,1.0,42,51.54,-9.54
702,1.51,Clear,High,Evening,Bike,26,1.0,44,42.16,1.8400000000000034
252,8.01,Clear,High,Morning,Bike,8,6.0,48,44.82,3.1799999999999997
727,3.23,Rainy,Low,Morning,Car,25,7.0,42,40.26,1.740000000000002
462,13.16,Rainy,High,Morning,Scooter,25,8.0,68,69.8,-1.7999999999999972
456,10.11,Windy,Low,Morning,Bike,11,4.0,44,44.92,-0.9200000000000017
997,18.39,Windy,Low,Afternoon,Bike,24,6.0,74,82.72,-8.719999999999999
816,10.62,Windy,Medium,Afternoon,Car,22,5.0,54,57.46,-3.460000000000001
863,10.73,Clear,Medium,Afternoon,Bike,7,5.0,57,49.43,7.57
270,6.23,Clear,Medium,Evening,Car,20,1.0,51,47.82,3.1799999999999997
202,2.14,Clear,Low,Afternoon,Bike,25,1.0,36,35.94,0.060000000000002274
162,12.83,Clear,Medium,Morning,Bike,19,2.0,76,72.87,3.1299999999999955
556,8.37,Clear,High,Evening,Scooter,13,7.0,42,48.17,-6.170000000000002
730,3.69,Rainy,Medium,Afternoon,Bike,8,8.0,27,30.07,-3.0700000000000003
402,18.1,Clear,Low,Morning,Scooter,8,5.0,77,74.83,2.1700000000000017
703,7.06,Clear,Low,Afternoon,Scooter,26,5.0,51,53.53,-2.530000000000001
477,1.94,Foggy,Low,Night,Bike,10,1.0,25,25.25,-0.25
822,0.59,Clear,Low,Afternoon,Bike,21,0.0,27,31.51,-4.510000000000002
772,17.01,Snowy,Low,Night,Bike,28,6.0,97,90.81,6.189999999999998
106,5.36,Clear,Low,Afternoon,Scooter,11,4.0,30,30.79,-0.7899999999999991
566,12.0,Clear,Low,Evening,Car,25,0.0,75,71.93,3.069999999999993
390,16.23,Clear,Medium,Evening,Bike,6,0.0,54,58.48,-4.479999999999997
2,19.04,Rainy,Low,Evening,Car,12,6.0,60,64.72,-4.719999999999999
938,18.33,Foggy,Medium,Morning,Scooter,19,0.0,98,91.95,6.049999999999997
983,2.58,Clear,Medium,Morning,Scooter,25,7.0,37,40.16,-3.1599999999999966
562,4.65,Clear,Medium,Evening,Bike,21,1.0,46,46.38,-0.38000000000000256
81,17.33,Snowy,Low,Evening,Scooter,12,3.0,79,78.44,0.5600000000000023
206,0.68,Snowy,High,Evening,Bike,29,8.0,50,48.86,1.1400000000000006
35,19.33,Clear,Medium,Morning,Bike,7,8.0,73,70.21,2.7900000000000063
776,3.42,Clear,Medium,Night,Car,11,9.0,24,28.14,-4.140000000000001
509,19.02,Rainy,High,Evening,Scooter,22,1.0,106,104.16,1.8400000000000034
428,17.81,Windy,High,Evening,Bike,21,4.0,122,87.17,34.83
455,2.67,Clear,Medium,Night,Car,17,6.0,28,29.94,-1.9400000000000013
367,19.24,Snowy,Low,Morning,Bike,26,1.0,114,106.41,7.590000000000003
92,14.41,Rainy,Medium,Night,Bike,16,6.0,85,84.86,0.14000000000000057
340,2.41,Clear,Medium,Evening,Bike,15,9.0,25,28.31,-3.3099999999999987
898,17.98,Clear,Low,Evening,Bike,5,8.0,45,51.89,-6.890000000000001
565,7.34,Foggy,Medium,Afternoon,Bike,22,5.0,93,80.6,12.400000000000006
346,12.51,Clear,Medium,Evening,Bike,18,5.0,62,63.63,-1.6300000000000026
777,4.97,Rainy,Low,Evening,Bike,17,9.0,34,34.47,-0.46999999999999886
242,19.1,Snowy,Low,Afternoon,Bike,18,1.0,101,96.64,4.359999999999999
14,4.64,Clear,Low,Afternoon,Bike,15,9.0,24,28.41,-4.41
316,14.07,Rainy,Low,Evening,Bike,10,5.0,63,63.34,-0.3400000000000034
601,3.79,Clear,Medium,Morning,Bike,13,2.0,34,29.22,4.780000000000001
388,3.96,Clear,Medium,Afternoon,Bike,23,5.0,44,43.27,0.7299999999999969
274,18.31,Clear,Medium,Afternoon,Bike,25,3.0,79,91.72,-12.719999999999999
167,6.76,Foggy,Medium,Night,Bike,7,6.0,42,38.52,3.479999999999997
841,0.76,Clear,Low,Afternoon,Car,26,9.0,28,29.6,-1.6000000000000014
993,5.81,Rainy,Medium,Evening,Bike,14,8.0,41,41.69,-0.6899999999999977
647,12.08,Clear,High,Afternoon,Scooter,16,4.0,60,65.77,-5.769999999999996
819,1.57,Rainy,Low,Evening,Car,16,1.0,30,29.78,0.21999999999999886
485,11.89,Clear,Medium,Afternoon,Bike,28,0.0,79,77.42,1.5799999999999983
981,7.02,Clear,Medium,Evening,Car,23,2.0,53,53.42,-0.4200000000000017
505,13.85,Clear,Low,Evening,Bike,29,5.0,71,70.77,0.23000000000000398
832,9.32,Rainy,Medium,Evening,Scooter,24,2.0,71,60.94,10.060000000000002
244,7.72,Foggy,High,Evening,Bike,19,4.0,64,65.56,-1.5600000000000023
567,8.15,Rainy,Low,Afternoon,Bike,26,2.0,50,52.77,-2.770000000000003
876,3.54,Rainy,Medium,Afternoon,Scooter,17,4.0,41,39.12,1.8800000000000026
563,3.16,Snowy,Low,Morning,Car,9,5.0,27,29.04,-2.039999999999999
687,11.65,Windy,Low,Night,Bike,10,3.0,53,51.81,1.1899999999999977
190,5.22,Snowy,Medium,Morning,Scooter,14,3.0,43,43.15,-0.14999999999999858
783,5.41,Clear,High,Morning,Scooter,17,6.0,38,38.38,-0.38000000000000256
700,9.88,Rainy,Medium,Morning,Car,7,0.0,43,44.95,-1.9500000000000028
476,19.86,Rainy,High,Evening,Bike,12,8.0,71,73.59,-2.5900000000000034
682,5.53,Windy,High,Morning,Bike,23,4.0,59,55.95,3.049999999999997
511,12.46,Foggy,Low,Afternoon,Bike,10,1.0,62,57.28,4.719999999999999
59,1.38,Clear,Medium,Morning,Car,6,3.0,17,17.41,-0.41000000000000014
475,10.79,Clear,Medium,Evening,Scooter,24,1.0,65,65.47,-0.46999999999999886
561,14.23,Clear,Medium,Afternoon,Scooter,23,7.0,70,71.01,-1.0100000000000051
857,1.21,Snowy,Low,Afternoon,Bike,22,1.0,39,36.47,2.530000000000001
748,11.1,Clear,Low,Afternoon,Bike,18,7.0,56,56.51,-0.509999999999998
253,17.1,Clear,Medium,Evening,Bike,25,5.0,65,70.13,-5.1299999999999955
22,3.22,Clear,Medium,Afternoon,Bike,19,9.0,32,33.11,-1.1099999999999994
314,19.27,Foggy,Medium,Morning,Car,29,9.0,85,89.39,-4.390000000000001
460,2.82,Rainy,Medium,Evening,Scooter,10,1.0,29,31.41,-2.41
161,7.67,Foggy,Medium,Afternoon,Scooter,22,8.0,59,66.29,-7.290000000000006
277,16.07,Clear,Medium,Evening,Bike,16,5.0,64,64.58,-0.5799999999999983
956,7.97,Windy,Medium,Evening,Scooter,9,8.0,35,35.45,-0.45000000000000284
192,18.0,Rainy,High,Night,Car,22,5.0,98,96.47,1.5300000000000011
386,16.17,Clear,Medium,Evening,Scooter,12,2.0,78,81.75,-3.75
806,14.86,Clear,High,Night,Scooter,15,4.0,91,73.39,17.61
414,11.68,Clear,Medium,Afternoon,Scooter,25,7.0,70,68.43,1.5699999999999932
492,12.59,Clear,Low,Evening,Scooter,10,2.0,39,46.72,-7.719999999999999
344,8.96,Snowy,Medium,Morning,Car,6,5.0,51,50.57,0.4299999999999997
770,16.51,Clear,Medium,Morning,Bike,7,1.0,79,65.71,13.290000000000006
309,16.01,Clear,Low,Afternoon,Car,12,4.0,72,78.46,-6.459999999999994
662,19.74,Rainy,High,Afternoon,Scooter,11,7.0,81,80.25,0.75
131,8.64,Snowy,Low,Evening,Bike,29,4.0,62,65.45,-3.450000000000003
664,5.13,Clear,Medium,Morning,Car,16,1.0,38,40.31,-2.3100000000000023
872,5.78,Clear,High,Morning,Bike,11,5.0,38,38.41,-0.4099999999999966
100,2.6,Clear,Low,Afternoon,Bike,16,1.0,29,28.7,0.3000000000000007
373,2.34,Foggy,Medium,Morning,Bike,8,2.0,28,28.66,-0.6600000000000001
88,12.93,Clear,Medium,Morning,Scooter,20,8.0,58,67.99,-9.989999999999995
459,1.6,Clear,Medium,Evening,Bike,14,8.0,24,25.16,-1.1600000000000001
331,7.44,Rainy,Low,Evening,Bike,27,5.0,53,53.44,-0.4399999999999977
215,14.39,Rainy,Medium,Morning,Scooter,6,5.0,50,57.68,-7.68
467,6.07,Clear,Low,Afternoon,Bike,18,4.0,35,36.6,-1.6000000000000014
122,17.97,Windy,Medium,Morning,Scooter,28,7.0,92,90.12,1.8799999999999955
615,17.53,Clear,Low,Afternoon,Bike,14,6.0,79,74.02,4.980000000000004
21,12.43,Rainy,High,Morning,Bike,13,6.0,70,68.68,1.3199999999999932
701,10.89,Windy,Medium,Evening,Bike,7,0.0,58,56.54,1.4600000000000009
72,4.37,Clear,Medium,Evening,Scooter,6,7.0,25,25.99,-0.9899999999999984
107,8.5,Clear,High,Evening,Car,13,3.0,54,56.55,-2.549999999999997
271,16.28,Rainy,Low,Morning,Scooter,8,9.0,71,69.58,1.4200000000000017
861,15.62,Snowy,High,Evening,Scooter,26,2.0,81,83.4,-2.4000000000000057
436,14.17,Clear,Low,Afternoon,Bike,8,0.0,55,61.69,-6.689999999999998
103,6.63,Foggy,Low,Night,Scooter,24,3.0,58,57.57,0.4299999999999997
